solid 
 facet normal  0.000000e+00  0.000000e+00  1.000000e+00
   outer loop
     vertex  8.803107e+00  8.874419e+00  3.000000e+00
     vertex  1.219367e+01  2.750360e+00  3.000000e+00
     vertex  1.204999e+01  3.323817e+00  3.000000e+00
   endloop
 endfacet
 facet normal  0.000000e+00  0.000000e+00  1.000000e+00
   outer loop
     vertex  8.803107e+00  8.874419e+00  3.000000e+00
     vertex  1.204999e+01  3.323817e+00  3.000000e+00
     vertex  9.212856e+00  8.448271e+00  3.000000e+00
   endloop
 endfacet
 facet normal  0.000000e+00  0.000000e+00  1.000000e+00
   outer loop
     vertex  9.212856e+00  8.448271e+00  3.000000e+00
     vertex  1.204999e+01  3.323817e+00  3.000000e+00
     vertex  9.601999e+00  8.003226e+00  3.000000e+00
   endloop
 endfacet
 facet normal  0.000000e+00  0.000000e+00  1.000000e+00
   outer loop
     vertex  9.601999e+00  8.003226e+00  3.000000e+00
     vertex  1.204999e+01  3.323817e+00  3.000000e+00
     vertex  9.969663e+00  7.540279e+00  3.000000e+00
   endloop
 endfacet
 facet normal  0.000000e+00  0.000000e+00  1.000000e+00
   outer loop
     vertex  9.969663e+00  7.540279e+00  3.000000e+00
     vertex  1.204999e+01  3.323817e+00  3.000000e+00
     vertex  1.031503e+01  7.060467e+00  3.000000e+00
   endloop
 endfacet
 facet normal  0.000000e+00  0.000000e+00  1.000000e+00
   outer loop
     vertex  1.031503e+01  7.060467e+00  3.000000e+00
     vertex  1.204999e+01  3.323817e+00  3.000000e+00
     vertex  1.063732e+01  6.564862e+00  3.000000e+00
   endloop
 endfacet
 facet normal  0.000000e+00  0.000000e+00  1.000000e+00
   outer loop
     vertex  1.063732e+01  6.564862e+00  3.000000e+00
     vertex  1.204999e+01  3.323817e+00  3.000000e+00
     vertex  1.093582e+01  6.054572e+00  3.000000e+00
   endloop
 endfacet
 facet normal  0.000000e+00  0.000000e+00  1.000000e+00
   outer loop
     vertex  1.093582e+01  6.054572e+00  3.000000e+00
     vertex  1.204999e+01  3.323817e+00  3.000000e+00
     vertex  1.120986e+01  5.530740e+00  3.000000e+00
   endloop
 endfacet
 facet normal  0.000000e+00  0.000000e+00  1.000000e+00
   outer loop
     vertex  1.120986e+01  5.530740e+00  3.000000e+00
     vertex  1.204999e+01  3.323817e+00  3.000000e+00
     vertex  1.145882e+01  4.994537e+00  3.000000e+00
   endloop
 endfacet
 facet normal  0.000000e+00  0.000000e+00  1.000000e+00
   outer loop
     vertex  1.145882e+01  4.994537e+00  3.000000e+00
     vertex  1.204999e+01  3.323817e+00  3.000000e+00
     vertex  1.187936e+01  3.889840e+00  3.000000e+00
   endloop
 endfacet
 facet normal  0.000000e+00  0.000000e+00  1.000000e+00
   outer loop
     vertex  1.145882e+01  4.994537e+00  3.000000e+00
     vertex  1.187936e+01  3.889840e+00  3.000000e+00
     vertex  1.168216e+01  4.447162e+00  3.000000e+00
   endloop
 endfacet
 facet normal  4.022703e-02  2.227153e-02  9.989423e-01
   outer loop
     vertex  8.468539e+00  9.194229e+00  3.006343e+00
     vertex  1.219367e+01  2.750360e+00  3.000000e+00
     vertex  8.803107e+00  8.874419e+00  3.000000e+00
   endloop
 endfacet
 facet normal  4.091590e-02  2.266980e-02  9.989054e-01
   outer loop
     vertex  1.228859e+01  2.289214e+00  3.006577e+00
     vertex  1.219367e+01  2.750360e+00  3.000000e+00
     vertex  8.468539e+00  9.194229e+00  3.006343e+00
   endloop
 endfacet
 facet normal  1.206692e-01  6.679133e-02  9.904433e-01
   outer loop
     vertex  8.157667e+00  9.471139e+00  3.025544e+00
     vertex  1.228859e+01  2.289214e+00  3.006577e+00
     vertex  8.468539e+00  9.194229e+00  3.006343e+00
   endloop
 endfacet
 facet normal  1.228970e-01  6.807365e-02  9.900820e-01
   outer loop
     vertex  1.235909e+01  1.871598e+00  3.026540e+00
     vertex  1.228859e+01  2.289214e+00  3.006577e+00
     vertex  8.157667e+00  9.471139e+00  3.025544e+00
   endloop
 endfacet
 facet normal  1.962824e-01  1.086429e-01  9.745101e-01
   outer loop
     vertex  7.898896e+00  9.688005e+00  3.053487e+00
     vertex  1.235909e+01  1.871598e+00  3.026540e+00
     vertex  8.157667e+00  9.471139e+00  3.025544e+00
   endloop
 endfacet
 facet normal  2.656344e-01  1.470296e-01  9.527962e-01
   outer loop
     vertex  1.240585e+01  1.531332e+00  3.055661e+00
     vertex  7.898896e+00  9.688005e+00  3.053487e+00
     vertex  7.661345e+00  9.876932e+00  3.090561e+00
   endloop
 endfacet
 facet normal  2.000675e-01  1.108062e-01  9.734963e-01
   outer loop
     vertex  1.240585e+01  1.531332e+00  3.055661e+00
     vertex  1.235909e+01  1.871598e+00  3.026540e+00
     vertex  7.898896e+00  9.688005e+00  3.053487e+00
   endloop
 endfacet
 facet normal  3.316387e-01  1.835647e-01  9.253755e-01
   outer loop
     vertex  1.243988e+01  1.224532e+00  3.094375e+00
     vertex  7.661345e+00  9.876932e+00  3.090561e+00
     vertex  7.444827e+00  1.004114e+01  3.135583e+00
   endloop
 endfacet
 facet normal  2.709008e-01  1.500317e-01  9.508434e-01
   outer loop
     vertex  1.243988e+01  1.224532e+00  3.094375e+00
     vertex  1.240585e+01  1.531332e+00  3.055661e+00
     vertex  7.661345e+00  9.876932e+00  3.090561e+00
   endloop
 endfacet
 facet normal  3.905436e-01  2.162176e-01  8.948328e-01
   outer loop
     vertex  1.246178e+01  9.767989e-01  3.136179e+00
     vertex  7.444827e+00  1.004114e+01  3.135583e+00
     vertex  7.268552e+00  1.016947e+01  3.181509e+00
   endloop
 endfacet
 facet normal  3.350374e-01  1.854977e-01  9.237643e-01
   outer loop
     vertex  1.246178e+01  9.767989e-01  3.136179e+00
     vertex  1.243988e+01  1.224532e+00  3.094375e+00
     vertex  7.444827e+00  1.004114e+01  3.135583e+00
   endloop
 endfacet
 facet normal  4.420709e-01  2.447298e-01  8.629488e-01
   outer loop
     vertex  1.247752e+01  7.492510e-01  3.184607e+00
     vertex  7.268552e+00  1.016947e+01  3.181509e+00
     vertex  7.110127e+00  1.028086e+01  3.231078e+00
   endloop
 endfacet
 facet normal  3.925690e-01  2.173675e-01  8.936672e-01
   outer loop
     vertex  1.247752e+01  7.492510e-01  3.184607e+00
     vertex  1.246178e+01  9.767989e-01  3.136179e+00
     vertex  7.268552e+00  1.016947e+01  3.181509e+00
   endloop
 endfacet
 facet normal  4.892782e-01  2.708546e-01  8.290022e-01
   outer loop
     vertex  1.248802e+01  5.471286e-01  3.237278e+00
     vertex  7.110127e+00  1.028086e+01  3.231078e+00
     vertex  6.968329e+00  1.037749e+01  3.283195e+00
   endloop
 endfacet
 facet normal  4.465578e-01  2.472713e-01  8.599088e-01
   outer loop
     vertex  1.248802e+01  5.471286e-01  3.237278e+00
     vertex  1.247752e+01  7.492510e-01  3.184607e+00
     vertex  7.110127e+00  1.028086e+01  3.231078e+00
   endloop
 endfacet
 facet normal  4.960317e-01  2.746714e-01  8.237161e-01
   outer loop
     vertex  1.249458e+01  3.681529e-01  3.293010e+00
     vertex  1.248802e+01  5.471286e-01  3.237278e+00
     vertex  6.968329e+00  1.037749e+01  3.283195e+00
   endloop
 endfacet
 facet normal  5.322451e-01  2.946356e-01  7.936656e-01
   outer loop
     vertex  1.249458e+01  3.681529e-01  3.293010e+00
     vertex  6.968329e+00  1.037749e+01  3.283195e+00
     vertex  6.841757e+00  1.046137e+01  3.336936e+00
   endloop
 endfacet
 facet normal  5.388666e-01  2.983697e-01  7.877806e-01
   outer loop
     vertex  1.249796e+01  2.257234e-01  3.344640e+00
     vertex  1.249458e+01  3.681529e-01  3.293010e+00
     vertex  6.841757e+00  1.046137e+01  3.336936e+00
   endloop
 endfacet
 facet normal  5.711084e-01  3.161637e-01  7.575458e-01
   outer loop
     vertex  1.249796e+01  2.257234e-01  3.344640e+00
     vertex  6.841757e+00  1.046137e+01  3.336936e+00
     vertex  6.729316e+00  1.053405e+01  3.391372e+00
   endloop
 endfacet
 facet normal  5.738321e-01  3.177002e-01  7.548399e-01
   outer loop
     vertex  1.249950e+01  1.116424e-01  3.391484e+00
     vertex  1.249796e+01  2.257234e-01  3.344640e+00
     vertex  6.729316e+00  1.053405e+01  3.391372e+00
   endloop
 endfacet
 facet normal  6.052201e-01  3.350773e-01  7.221024e-01
   outer loop
     vertex  1.250000e+01 -3.061617e-15  3.442872e+00
     vertex  1.249950e+01  1.116424e-01  3.391484e+00
     vertex  6.729316e+00  1.053405e+01  3.391372e+00
   endloop
 endfacet
 facet normal  6.060123e-01  3.355070e-01  7.212380e-01
   outer loop
     vertex  1.250000e+01 -3.061617e-15  3.442872e+00
     vertex  6.729316e+00  1.053405e+01  3.391372e+00
     vertex  6.629884e+00  1.059692e+01  3.445676e+00
   endloop
 endfacet
 facet normal  6.316438e-01  3.497132e-01  6.919009e-01
   outer loop
     vertex  1.249977e+01 -7.654624e-02  3.481775e+00
     vertex  1.250000e+01 -3.061617e-15  3.442872e+00
     vertex  6.629884e+00  1.059692e+01  3.445676e+00
   endloop
 endfacet
 facet normal  6.371521e-01  3.527202e-01  6.852924e-01
   outer loop
     vertex  1.249977e+01 -7.654624e-02  3.481775e+00
     vertex  6.629884e+00  1.059692e+01  3.445676e+00
     vertex  6.542322e+00  1.065120e+01  3.499148e+00
   endloop
 endfacet
 facet normal  6.532656e-01  3.617011e-01  6.651439e-01
   outer loop
     vertex  1.249908e+01 -1.514679e-01  3.523188e+00
     vertex  1.249977e+01 -7.654624e-02  3.481775e+00
     vertex  6.542322e+00  1.065120e+01  3.499148e+00
   endloop
 endfacet
 facet normal  6.601360e-01  3.654698e-01  6.562410e-01
   outer loop
     vertex  1.249908e+01 -1.514679e-01  3.523188e+00
     vertex  6.542322e+00  1.065120e+01  3.499148e+00
     vertex  6.492418e+00  1.068169e+01  3.532367e+00
   endloop
 endfacet
 facet normal  6.746365e-01  3.735265e-01  6.366660e-01
   outer loop
     vertex  1.249798e+01 -2.244965e-01  3.567197e+00
     vertex  1.249908e+01 -1.514679e-01  3.523188e+00
     vertex  6.492418e+00  1.068169e+01  3.532367e+00
   endloop
 endfacet
 facet normal  6.768855e-01  3.747549e-01  6.335494e-01
   outer loop
     vertex  1.249798e+01 -2.244965e-01  3.567197e+00
     vertex  6.492418e+00  1.068169e+01  3.532367e+00
     vertex  6.443412e+00  1.071132e+01  3.567197e+00
   endloop
 endfacet
 facet normal  6.931512e-01  3.837603e-01  6.101389e-01
   outer loop
     vertex  1.246652e+01 -2.239313e-01  3.602589e+00
     vertex  1.249798e+01 -2.244965e-01  3.567197e+00
     vertex  6.443412e+00  1.071132e+01  3.567197e+00
   endloop
 endfacet
 facet normal  6.931512e-01  3.837603e-01  6.101389e-01
   outer loop
     vertex  1.246652e+01 -2.239313e-01  3.602589e+00
     vertex  6.443412e+00  1.071132e+01  3.567197e+00
     vertex  6.427189e+00  1.068436e+01  3.602589e+00
   endloop
 endfacet
 facet normal  7.087384e-01  3.923901e-01  5.862763e-01
   outer loop
     vertex  1.243628e+01 -2.233881e-01  3.638777e+00
     vertex  1.246652e+01 -2.239313e-01  3.602589e+00
     vertex  6.427189e+00  1.068436e+01  3.602589e+00
   endloop
 endfacet
 facet normal  7.087384e-01  3.923901e-01  5.862763e-01
   outer loop
     vertex  1.243628e+01 -2.233881e-01  3.638777e+00
     vertex  6.427189e+00  1.068436e+01  3.602589e+00
     vertex  6.411601e+00  1.065844e+01  3.638777e+00
   endloop
 endfacet
 facet normal  7.263872e-01  4.021614e-01  5.573399e-01
   outer loop
     vertex  1.239693e+01 -2.226813e-01  3.689551e+00
     vertex  1.243628e+01 -2.233881e-01  3.638777e+00
     vertex  6.411601e+00  1.065844e+01  3.638777e+00
   endloop
 endfacet
 facet normal  7.263872e-01  4.021614e-01  5.573399e-01
   outer loop
     vertex  1.239693e+01 -2.226813e-01  3.689551e+00
     vertex  6.411601e+00  1.065844e+01  3.638777e+00
     vertex  6.391314e+00  1.062472e+01  3.689551e+00
   endloop
 endfacet
 facet normal  7.456579e-01  4.128305e-01  5.230347e-01
   outer loop
     vertex  1.236001e+01 -2.220180e-01  3.741671e+00
     vertex  1.239693e+01 -2.226813e-01  3.689551e+00
     vertex  6.391314e+00  1.062472e+01  3.689551e+00
   endloop
 endfacet
 facet normal  7.456579e-01  4.128305e-01  5.230347e-01
   outer loop
     vertex  1.236001e+01 -2.220180e-01  3.741671e+00
     vertex  6.391314e+00  1.062472e+01  3.689551e+00
     vertex  6.372276e+00  1.059307e+01  3.741671e+00
   endloop
 endfacet
 facet normal  7.636893e-01  4.228135e-01  4.878601e-01
   outer loop
     vertex  1.232556e+01 -2.213993e-01  3.795052e+00
     vertex  1.236001e+01 -2.220180e-01  3.741671e+00
     vertex  6.372276e+00  1.059307e+01  3.741671e+00
   endloop
 endfacet
 facet normal  7.636893e-01  4.228135e-01  4.878601e-01
   outer loop
     vertex  1.232556e+01 -2.213993e-01  3.795052e+00
     vertex  6.372276e+00  1.059307e+01  3.741671e+00
     vertex  6.354519e+00  1.056355e+01  3.795052e+00
   endloop
 endfacet
 facet normal  7.804513e-01  4.320937e-01  4.518747e-01
   outer loop
     vertex  1.229366e+01 -2.208263e-01  3.849605e+00
     vertex  1.232556e+01 -2.213993e-01  3.795052e+00
     vertex  6.354519e+00  1.056355e+01  3.795052e+00
   endloop
 endfacet
 facet normal  7.804513e-01  4.320937e-01  4.518747e-01
   outer loop
     vertex  1.229366e+01 -2.208263e-01  3.849605e+00
     vertex  6.354519e+00  1.056355e+01  3.795052e+00
     vertex  6.338071e+00  1.053621e+01  3.849605e+00
   endloop
 endfacet
 facet normal  7.959162e-01  4.406558e-01  4.151383e-01
   outer loop
     vertex  1.226435e+01 -2.202998e-01  3.905239e+00
     vertex  1.229366e+01 -2.208263e-01  3.849605e+00
     vertex  6.338071e+00  1.053621e+01  3.849605e+00
   endloop
 endfacet
 facet normal  7.959162e-01  4.406558e-01  4.151383e-01
   outer loop
     vertex  1.226435e+01 -2.202998e-01  3.905239e+00
     vertex  6.338071e+00  1.053621e+01  3.849605e+00
     vertex  6.322961e+00  1.051109e+01  3.905239e+00
   endloop
 endfacet
 facet normal  8.100583e-01  4.484855e-01  3.777119e-01
   outer loop
     vertex  1.223768e+01 -2.198208e-01  3.961861e+00
     vertex  6.322961e+00  1.051109e+01  3.905239e+00
     vertex  6.309212e+00  1.048823e+01  3.961861e+00
   endloop
 endfacet
 facet normal  8.100583e-01  4.484855e-01  3.777119e-01
   outer loop
     vertex  1.223768e+01 -2.198208e-01  3.961861e+00
     vertex  1.226435e+01 -2.202998e-01  3.905239e+00
     vertex  6.322961e+00  1.051109e+01  3.905239e+00
   endloop
 endfacet
 facet normal  8.228541e-01  4.555698e-01  3.396577e-01
   outer loop
     vertex  1.221370e+01 -2.193901e-01  4.019378e+00
     vertex  6.309212e+00  1.048823e+01  3.961861e+00
     vertex  6.296849e+00  1.046768e+01  4.019378e+00
   endloop
 endfacet
 facet normal  8.228541e-01  4.555698e-01  3.396577e-01
   outer loop
     vertex  1.221370e+01 -2.193901e-01  4.019378e+00
     vertex  1.223768e+01 -2.198208e-01  3.961861e+00
     vertex  6.309212e+00  1.048823e+01  3.961861e+00
   endloop
 endfacet
 facet normal  8.342822e-01  4.618969e-01  3.010390e-01
   outer loop
     vertex  1.219245e+01 -2.190083e-01  4.077693e+00
     vertex  6.296849e+00  1.046768e+01  4.019378e+00
     vertex  6.285892e+00  1.044947e+01  4.077693e+00
   endloop
 endfacet
 facet normal  8.342822e-01  4.618969e-01  3.010390e-01
   outer loop
     vertex  1.219245e+01 -2.190083e-01  4.077693e+00
     vertex  1.221370e+01 -2.193901e-01  4.019378e+00
     vertex  6.296849e+00  1.046768e+01  4.019378e+00
   endloop
 endfacet
 facet normal  8.443237e-01  4.674564e-01  2.619200e-01
   outer loop
     vertex  1.217396e+01 -2.186761e-01  4.136710e+00
     vertex  6.285892e+00  1.044947e+01  4.077693e+00
     vertex  6.276358e+00  1.043362e+01  4.136710e+00
   endloop
 endfacet
 facet normal  8.443237e-01  4.674564e-01  2.619200e-01
   outer loop
     vertex  1.217396e+01 -2.186761e-01  4.136710e+00
     vertex  1.219245e+01 -2.190083e-01  4.077693e+00
     vertex  6.285892e+00  1.044947e+01  4.077693e+00
   endloop
 endfacet
 facet normal  8.529619e-01  4.722389e-01  2.223656e-01
   outer loop
     vertex  1.215826e+01 -2.183941e-01  4.196331e+00
     vertex  6.276358e+00  1.043362e+01  4.136710e+00
     vertex  6.268264e+00  1.042016e+01  4.196331e+00
   endloop
 endfacet
 facet normal  8.529619e-01  4.722389e-01  2.223656e-01
   outer loop
     vertex  1.215826e+01 -2.183941e-01  4.196331e+00
     vertex  1.217396e+01 -2.186761e-01  4.136710e+00
     vertex  6.276358e+00  1.043362e+01  4.136710e+00
   endloop
 endfacet
 facet normal  8.601824e-01  4.762365e-01  1.824416e-01
   outer loop
     vertex  1.214538e+01 -2.181628e-01  4.256457e+00
     vertex  6.268264e+00  1.042016e+01  4.196331e+00
     vertex  6.261624e+00  1.040912e+01  4.256457e+00
   endloop
 endfacet
 facet normal  8.601824e-01  4.762365e-01  1.824416e-01
   outer loop
     vertex  1.214538e+01 -2.181628e-01  4.256457e+00
     vertex  1.215826e+01 -2.183941e-01  4.196331e+00
     vertex  6.268264e+00  1.042016e+01  4.196331e+00
   endloop
 endfacet
 facet normal  8.703249e-01  4.818519e-01  1.017509e-01
   outer loop
     vertex  1.213534e+01 -2.179824e-01  4.316988e+00
     vertex  6.256447e+00  1.040052e+01  4.316988e+00
     vertex  6.252744e+00  1.039436e+01  4.377823e+00
   endloop
 endfacet
 facet normal  8.659733e-01  4.794426e-01  1.422145e-01
   outer loop
     vertex  1.213534e+01 -2.179824e-01  4.316988e+00
     vertex  6.261624e+00  1.040912e+01  4.256457e+00
     vertex  6.256447e+00  1.040052e+01  4.316988e+00
   endloop
 endfacet
 facet normal  8.659733e-01  4.794426e-01  1.422145e-01
   outer loop
     vertex  1.213534e+01 -2.179824e-01  4.316988e+00
     vertex  1.214538e+01 -2.181628e-01  4.256457e+00
     vertex  6.261624e+00  1.040912e+01  4.256457e+00
   endloop
 endfacet
 facet normal  8.703249e-01  4.818519e-01  1.017509e-01
   outer loop
     vertex  1.212815e+01 -2.178534e-01  4.377823e+00
     vertex  1.213534e+01 -2.179824e-01  4.316988e+00
     vertex  6.252744e+00  1.039436e+01  4.377823e+00
   endloop
 endfacet
 facet normal  8.732300e-01  4.834603e-01  6.111829e-02
   outer loop
     vertex  1.212384e+01 -2.177759e-01  4.438861e+00
     vertex  6.252744e+00  1.039436e+01  4.377823e+00
     vertex  6.250519e+00  1.039066e+01  4.438861e+00
   endloop
 endfacet
 facet normal  8.732300e-01  4.834603e-01  6.111829e-02
   outer loop
     vertex  1.212384e+01 -2.177759e-01  4.438861e+00
     vertex  1.212815e+01 -2.178534e-01  4.377823e+00
     vertex  6.252744e+00  1.039436e+01  4.377823e+00
   endloop
 endfacet
 facet normal  8.746838e-01  4.842651e-01  2.038406e-02
   outer loop
     vertex  1.212240e+01 -2.177500e-01  4.500000e+00
     vertex  6.250519e+00  1.039066e+01  4.438861e+00
     vertex  6.249777e+00  1.038943e+01  4.500000e+00
   endloop
 endfacet
 facet normal  8.746838e-01  4.842651e-01  2.038406e-02
   outer loop
     vertex  1.212240e+01 -2.177500e-01  4.500000e+00
     vertex  1.212384e+01 -2.177759e-01  4.438861e+00
     vertex  6.250519e+00  1.039066e+01  4.438861e+00
   endloop
 endfacet
 facet normal  0.000000e+00  0.000000e+00  1.000000e+00
   outer loop
     vertex  1.208703e+01 -3.186505e+00  3.000000e+00
     vertex  8.478715e+00 -9.184846e+00  3.000000e+00
     vertex  8.903505e+00 -8.773688e+00  3.000000e+00
   endloop
 endfacet
 facet normal  0.000000e+00  0.000000e+00  1.000000e+00
   outer loop
     vertex  1.208703e+01 -3.186505e+00  3.000000e+00
     vertex  8.903505e+00 -8.773688e+00  3.000000e+00
     vertex  9.308379e+00 -8.342906e+00  3.000000e+00
   endloop
 endfacet
 facet normal  0.000000e+00  0.000000e+00  1.000000e+00
   outer loop
     vertex  1.208703e+01 -3.186505e+00  3.000000e+00
     vertex  9.308379e+00 -8.342906e+00  3.000000e+00
     vertex  9.692433e+00 -7.893462e+00  3.000000e+00
   endloop
 endfacet
 facet normal  0.000000e+00  0.000000e+00  1.000000e+00
   outer loop
     vertex  1.208703e+01 -3.186505e+00  3.000000e+00
     vertex  9.692433e+00 -7.893462e+00  3.000000e+00
     vertex  1.005481e+01 -7.426362e+00  3.000000e+00
   endloop
 endfacet
 facet normal  0.000000e+00  0.000000e+00  1.000000e+00
   outer loop
     vertex  1.208703e+01 -3.186505e+00  3.000000e+00
     vertex  1.005481e+01 -7.426362e+00  3.000000e+00
     vertex  1.039469e+01 -6.942652e+00  3.000000e+00
   endloop
 endfacet
 facet normal  0.000000e+00  0.000000e+00  1.000000e+00
   outer loop
     vertex  1.208703e+01 -3.186505e+00  3.000000e+00
     vertex  1.039469e+01 -6.942652e+00  3.000000e+00
     vertex  1.071132e+01 -6.443412e+00  3.000000e+00
   endloop
 endfacet
 facet normal  0.000000e+00  0.000000e+00  1.000000e+00
   outer loop
     vertex  1.208703e+01 -3.186505e+00  3.000000e+00
     vertex  1.071132e+01 -6.443412e+00  3.000000e+00
     vertex  1.100400e+01 -5.929759e+00  3.000000e+00
   endloop
 endfacet
 facet normal  0.000000e+00  0.000000e+00  1.000000e+00
   outer loop
     vertex  1.208703e+01 -3.186505e+00  3.000000e+00
     vertex  1.100400e+01 -5.929759e+00  3.000000e+00
     vertex  1.127206e+01 -5.402843e+00  3.000000e+00
   endloop
 endfacet
 facet normal  0.000000e+00  0.000000e+00  1.000000e+00
   outer loop
     vertex  1.208703e+01 -3.186505e+00  3.000000e+00
     vertex  1.127206e+01 -5.402843e+00  3.000000e+00
     vertex  1.151491e+01 -4.863842e+00  3.000000e+00
   endloop
 endfacet
 facet normal  0.000000e+00  0.000000e+00  1.000000e+00
   outer loop
     vertex  1.208703e+01 -3.186505e+00  3.000000e+00
     vertex  1.151491e+01 -4.863842e+00  3.000000e+00
     vertex  1.173200e+01 -4.313962e+00  3.000000e+00
   endloop
 endfacet
 facet normal  0.000000e+00  0.000000e+00  1.000000e+00
   outer loop
     vertex  1.208703e+01 -3.186505e+00  3.000000e+00
     vertex  1.173200e+01 -4.313962e+00  3.000000e+00
     vertex  1.192285e+01 -3.754432e+00  3.000000e+00
   endloop
 endfacet
 facet normal  3.940140e-02 -2.370197e-02  9.989423e-01
   outer loop
     vertex  8.132877e+00 -9.492435e+00  3.006343e+00
     vertex  8.478715e+00 -9.184846e+00  3.000000e+00
     vertex  1.208703e+01 -3.186505e+00  3.000000e+00
   endloop
 endfacet
 facet normal  3.940217e-02 -2.370245e-02  9.989423e-01
   outer loop
     vertex  8.132877e+00 -9.492435e+00  3.006343e+00
     vertex  1.208703e+01 -3.186505e+00  3.000000e+00
     vertex  1.219671e+01 -2.736845e+00  3.006343e+00
   endloop
 endfacet
 facet normal  1.182231e-01 -7.111729e-02  9.904371e-01
   outer loop
     vertex  7.812258e+00 -9.758003e+00  3.025544e+00
     vertex  1.219671e+01 -2.736845e+00  3.006343e+00
     vertex  1.228108e+01 -2.329157e+00  3.025545e+00
   endloop
 endfacet
 facet normal  1.182206e-01 -7.111574e-02  9.904375e-01
   outer loop
     vertex  7.812258e+00 -9.758003e+00  3.025544e+00
     vertex  8.132877e+00 -9.492435e+00  3.006343e+00
     vertex  1.219671e+01 -2.736845e+00  3.006343e+00
   endloop
 endfacet
 facet normal  1.922983e-01 -1.156773e-01  9.744948e-01
   outer loop
     vertex  7.545865e+00 -9.965436e+00  3.053488e+00
     vertex  1.228108e+01 -2.329157e+00  3.025545e+00
     vertex  1.233951e+01 -1.996613e+00  3.053490e+00
   endloop
 endfacet
 facet normal  1.922940e-01 -1.156747e-01  9.744960e-01
   outer loop
     vertex  7.545865e+00 -9.965436e+00  3.053488e+00
     vertex  7.812258e+00 -9.758003e+00  3.025544e+00
     vertex  1.228108e+01 -2.329157e+00  3.025545e+00
   endloop
 endfacet
 facet normal  2.602348e-01 -1.565446e-01  9.527705e-01
   outer loop
     vertex  7.301681e+00 -1.014571e+01  3.090562e+00
     vertex  1.233951e+01 -1.996613e+00  3.053490e+00
     vertex  1.238435e+01 -1.696417e+00  3.090566e+00
   endloop
 endfacet
 facet normal  2.602289e-01 -1.565410e-01  9.527727e-01
   outer loop
     vertex  7.301681e+00 -1.014571e+01  3.090562e+00
     vertex  7.545865e+00 -9.965436e+00  3.053488e+00
     vertex  1.233951e+01 -1.996613e+00  3.053490e+00
   endloop
 endfacet
 facet normal  3.248870e-01 -1.954363e-01  9.253394e-01
   outer loop
     vertex  7.079404e+00 -1.030204e+01  3.135585e+00
     vertex  1.238435e+01 -1.696417e+00  3.090566e+00
     vertex  1.241830e+01 -1.426796e+00  3.135591e+00
   endloop
 endfacet
 facet normal  3.248796e-01 -1.954317e-01  9.253430e-01
   outer loop
     vertex  7.079404e+00 -1.030204e+01  3.135585e+00
     vertex  7.301681e+00 -1.014571e+01  3.090562e+00
     vertex  1.238435e+01 -1.696417e+00  3.090566e+00
   endloop
 endfacet
 facet normal  3.825417e-01 -2.301186e-01  8.948225e-01
   outer loop
     vertex  6.898633e+00 -1.042396e+01  3.181511e+00
     vertex  1.241830e+01 -1.426796e+00  3.135591e+00
     vertex  1.244130e+01 -1.209968e+00  3.181520e+00
   endloop
 endfacet
 facet normal  3.825329e-01 -2.301131e-01  8.948277e-01
   outer loop
     vertex  6.898633e+00 -1.042396e+01  3.181511e+00
     vertex  7.079404e+00 -1.030204e+01  3.135585e+00
     vertex  1.241830e+01 -1.426796e+00  3.135591e+00
   endloop
 endfacet
 facet normal  4.330233e-01 -2.604859e-01  8.629240e-01
   outer loop
     vertex  6.736309e+00 -1.052958e+01  3.231080e+00
     vertex  1.244130e+01 -1.209968e+00  3.181520e+00
     vertex  1.245855e+01 -1.017069e+00  3.231092e+00
   endloop
 endfacet
 facet normal  4.330133e-01 -2.604797e-01  8.629309e-01
   outer loop
     vertex  6.736309e+00 -1.052958e+01  3.231080e+00
     vertex  6.898633e+00 -1.042396e+01  3.181511e+00
     vertex  1.244130e+01 -1.209968e+00  3.181520e+00
   endloop
 endfacet
 facet normal  4.792665e-01 -2.883035e-01  8.289660e-01
   outer loop
     vertex  6.591132e+00 -1.062106e+01  3.283198e+00
     vertex  1.245855e+01 -1.017069e+00  3.231092e+00
     vertex  1.247134e+01 -8.459528e-01  3.283211e+00
   endloop
 endfacet
 facet normal  4.792560e-01 -2.882970e-01  8.289744e-01
   outer loop
     vertex  6.591132e+00 -1.062106e+01  3.283198e+00
     vertex  6.736309e+00 -1.052958e+01  3.231080e+00
     vertex  1.245855e+01 -1.017069e+00  3.231092e+00
   endloop
 endfacet
 facet normal  5.213409e-01 -3.136133e-01  7.936311e-01
   outer loop
     vertex  6.461629e+00 -1.070034e+01  3.336940e+00
     vertex  6.591132e+00 -1.062106e+01  3.283198e+00
     vertex  1.247134e+01 -8.459528e-01  3.283211e+00
   endloop
 endfacet
 facet normal  5.213501e-01 -3.136189e-01  7.936229e-01
   outer loop
     vertex  6.461629e+00 -1.070034e+01  3.336940e+00
     vertex  1.247134e+01 -8.459528e-01  3.283211e+00
     vertex  1.248070e+01 -6.944080e-01  3.336952e+00
   endloop
 endfacet
 facet normal  5.593977e-01 -3.365064e-01  7.575207e-01
   outer loop
     vertex  6.346651e+00 -1.076894e+01  3.391375e+00
     vertex  6.461629e+00 -1.070034e+01  3.336940e+00
     vertex  1.248070e+01 -6.944080e-01  3.336952e+00
   endloop
 endfacet
 facet normal  5.594044e-01 -3.365105e-01  7.575139e-01
   outer loop
     vertex  6.346651e+00 -1.076894e+01  3.391375e+00
     vertex  1.248070e+01 -6.944080e-01  3.336952e+00
     vertex  1.248742e+01 -5.607032e-01  3.391384e+00
   endloop
 endfacet
 facet normal  5.935764e-01 -3.570667e-01  7.212284e-01
   outer loop
     vertex  6.245027e+00 -1.082819e+01  3.445679e+00
     vertex  6.346651e+00 -1.076894e+01  3.391375e+00
     vertex  1.248742e+01 -5.607032e-01  3.391384e+00
   endloop
 endfacet
 facet normal  5.935805e-01 -3.570692e-01  7.212238e-01
   outer loop
     vertex  6.245027e+00 -1.082819e+01  3.445679e+00
     vertex  1.248742e+01 -5.607032e-01  3.391384e+00
     vertex  1.249214e+01 -4.431727e-01  3.445685e+00
   endloop
 endfacet
 facet normal  6.240814e-01 -3.754170e-01  6.852623e-01
   outer loop
     vertex  6.155575e+00 -1.087929e+01  3.499150e+00
     vertex  6.245027e+00 -1.082819e+01  3.445679e+00
     vertex  1.249214e+01 -4.431727e-01  3.445685e+00
   endloop
 endfacet
 facet normal  6.240834e-01 -3.754183e-01  6.852598e-01
   outer loop
     vertex  6.155575e+00 -1.087929e+01  3.499150e+00
     vertex  1.249214e+01 -4.431727e-01  3.445685e+00
     vertex  1.249537e+01 -3.402107e-01  3.499152e+00
   endloop
 endfacet
 facet normal  6.465869e-01 -3.889553e-01  6.562310e-01
   outer loop
     vertex  6.104609e+00 -1.090797e+01  3.532368e+00
     vertex  6.155575e+00 -1.087929e+01  3.499150e+00
     vertex  1.249537e+01 -3.402107e-01  3.499152e+00
   endloop
 endfacet
 facet normal  6.465877e-01 -3.889557e-01  6.562300e-01
   outer loop
     vertex  6.104609e+00 -1.090797e+01  3.532368e+00
     vertex  1.249537e+01 -3.402107e-01  3.499152e+00
     vertex  1.249682e+01 -2.817500e-01  3.532369e+00
   endloop
 endfacet
 facet normal  6.629903e-01 -3.988227e-01  6.335490e-01
   outer loop
     vertex  6.054572e+00 -1.093582e+01  3.567197e+00
     vertex  6.104609e+00 -1.090797e+01  3.532368e+00
     vertex  1.249682e+01 -2.817500e-01  3.532369e+00
   endloop
 endfacet
 facet normal  6.629904e-01 -3.988228e-01  6.335488e-01
   outer loop
     vertex  6.054572e+00 -1.093582e+01  3.567197e+00
     vertex  1.249682e+01 -2.817500e-01  3.532369e+00
     vertex  1.249798e+01 -2.244965e-01  3.567197e+00
   endloop
 endfacet
 facet normal  6.789218e-01 -4.084064e-01  6.101389e-01
   outer loop
     vertex  6.054572e+00 -1.093582e+01  3.567197e+00
     vertex  1.249798e+01 -2.244965e-01  3.567197e+00
     vertex  1.246652e+01 -2.239313e-01  3.602589e+00
   endloop
 endfacet
 facet normal  6.789218e-01 -4.084064e-01  6.101389e-01
   outer loop
     vertex  6.039329e+00 -1.090829e+01  3.602589e+00
     vertex  6.054572e+00 -1.093582e+01  3.567197e+00
     vertex  1.246652e+01 -2.239313e-01  3.602589e+00
   endloop
 endfacet
 facet normal  6.941890e-01 -4.175904e-01  5.862763e-01
   outer loop
     vertex  6.024681e+00 -1.088183e+01  3.638777e+00
     vertex  6.039329e+00 -1.090829e+01  3.602589e+00
     vertex  1.246652e+01 -2.239313e-01  3.602589e+00
   endloop
 endfacet
 facet normal  6.941890e-01 -4.175904e-01  5.862763e-01
   outer loop
     vertex  6.024681e+00 -1.088183e+01  3.638777e+00
     vertex  1.246652e+01 -2.239313e-01  3.602589e+00
     vertex  1.243628e+01 -2.233881e-01  3.638777e+00
   endloop
 endfacet
 facet normal  7.114756e-01 -4.279891e-01  5.573399e-01
   outer loop
     vertex  6.005619e+00 -1.084740e+01  3.689551e+00
     vertex  6.024681e+00 -1.088183e+01  3.638777e+00
     vertex  1.243628e+01 -2.233881e-01  3.638777e+00
   endloop
 endfacet
 facet normal  7.114756e-01 -4.279891e-01  5.573399e-01
   outer loop
     vertex  6.005619e+00 -1.084740e+01  3.689551e+00
     vertex  1.243628e+01 -2.233881e-01  3.638777e+00
     vertex  1.239693e+01 -2.226813e-01  3.689551e+00
   endloop
 endfacet
 facet normal  7.303506e-01 -4.393435e-01  5.230347e-01
   outer loop
     vertex  5.987730e+00 -1.081509e+01  3.741671e+00
     vertex  6.005619e+00 -1.084740e+01  3.689551e+00
     vertex  1.239693e+01 -2.226813e-01  3.689551e+00
   endloop
 endfacet
 facet normal  7.303506e-01 -4.393435e-01  5.230347e-01
   outer loop
     vertex  5.987730e+00 -1.081509e+01  3.741671e+00
     vertex  1.239693e+01 -2.226813e-01  3.689551e+00
     vertex  1.236001e+01 -2.220180e-01  3.741671e+00
   endloop
 endfacet
 facet normal  7.480118e-01 -4.499676e-01  4.878601e-01
   outer loop
     vertex  5.971044e+00 -1.078495e+01  3.795052e+00
     vertex  5.987730e+00 -1.081509e+01  3.741671e+00
     vertex  1.236001e+01 -2.220180e-01  3.741671e+00
   endloop
 endfacet
 facet normal  7.480118e-01 -4.499676e-01  4.878601e-01
   outer loop
     vertex  5.971044e+00 -1.078495e+01  3.795052e+00
     vertex  1.236001e+01 -2.220180e-01  3.741671e+00
     vertex  1.232556e+01 -2.213993e-01  3.795052e+00
   endloop
 endfacet
 facet normal  7.644298e-01 -4.598438e-01  4.518747e-01
   outer loop
     vertex  5.955589e+00 -1.075704e+01  3.849605e+00
     vertex  5.971044e+00 -1.078495e+01  3.795052e+00
     vertex  1.232556e+01 -2.213993e-01  3.795052e+00
   endloop
 endfacet
 facet normal  7.644298e-01 -4.598438e-01  4.518747e-01
   outer loop
     vertex  5.955589e+00 -1.075704e+01  3.849605e+00
     vertex  1.232556e+01 -2.213993e-01  3.795052e+00
     vertex  1.229366e+01 -2.208263e-01  3.849605e+00
   endloop
 endfacet
 facet normal  7.795772e-01 -4.689558e-01  4.151383e-01
   outer loop
     vertex  5.941390e+00 -1.073139e+01  3.905239e+00
     vertex  5.955589e+00 -1.075704e+01  3.849605e+00
     vertex  1.229366e+01 -2.208263e-01  3.849605e+00
   endloop
 endfacet
 facet normal  7.795772e-01 -4.689558e-01  4.151383e-01
   outer loop
     vertex  5.941390e+00 -1.073139e+01  3.905239e+00
     vertex  1.229366e+01 -2.208263e-01  3.849605e+00
     vertex  1.226435e+01 -2.202998e-01  3.905239e+00
   endloop
 endfacet
 facet normal  7.934290e-01 -4.772883e-01  3.777119e-01
   outer loop
     vertex  5.928472e+00 -1.070806e+01  3.961861e+00
     vertex  1.226435e+01 -2.202998e-01  3.905239e+00
     vertex  1.223768e+01 -2.198208e-01  3.961861e+00
   endloop
 endfacet
 facet normal  7.934290e-01 -4.772883e-01  3.777119e-01
   outer loop
     vertex  5.928472e+00 -1.070806e+01  3.961861e+00
     vertex  5.941390e+00 -1.073139e+01  3.905239e+00
     vertex  1.226435e+01 -2.202998e-01  3.905239e+00
   endloop
 endfacet
 facet normal  8.059621e-01 -4.848276e-01  3.396577e-01
   outer loop
     vertex  5.916855e+00 -1.068707e+01  4.019378e+00
     vertex  5.928472e+00 -1.070806e+01  3.961861e+00
     vertex  1.223768e+01 -2.198208e-01  3.961861e+00
   endloop
 endfacet
 facet normal  8.059621e-01 -4.848276e-01  3.396577e-01
   outer loop
     vertex  5.916855e+00 -1.068707e+01  4.019378e+00
     vertex  1.223768e+01 -2.198208e-01  3.961861e+00
     vertex  1.221370e+01 -2.193901e-01  4.019378e+00
   endloop
 endfacet
 facet normal  8.171556e-01 -4.915611e-01  3.010390e-01
   outer loop
     vertex  5.906558e+00 -1.066848e+01  4.077693e+00
     vertex  1.221370e+01 -2.193901e-01  4.019378e+00
     vertex  1.219245e+01 -2.190083e-01  4.077693e+00
   endloop
 endfacet
 facet normal  8.171556e-01 -4.915611e-01  3.010390e-01
   outer loop
     vertex  5.906558e+00 -1.066848e+01  4.077693e+00
     vertex  5.916855e+00 -1.068707e+01  4.019378e+00
     vertex  1.221370e+01 -2.193901e-01  4.019378e+00
   endloop
 endfacet
 facet normal  8.269909e-01 -4.974776e-01  2.619200e-01
   outer loop
     vertex  5.897600e+00 -1.065230e+01  4.136710e+00
     vertex  1.219245e+01 -2.190083e-01  4.077693e+00
     vertex  1.217396e+01 -2.186761e-01  4.136710e+00
   endloop
 endfacet
 facet normal  8.269909e-01 -4.974776e-01  2.619200e-01
   outer loop
     vertex  5.897600e+00 -1.065230e+01  4.136710e+00
     vertex  5.906558e+00 -1.066848e+01  4.077693e+00
     vertex  1.219245e+01 -2.190083e-01  4.077693e+00
   endloop
 endfacet
 facet normal  8.354518e-01 -5.025672e-01  2.223656e-01
   outer loop
     vertex  5.889995e+00 -1.063856e+01  4.196331e+00
     vertex  1.217396e+01 -2.186761e-01  4.136710e+00
     vertex  1.215826e+01 -2.183941e-01  4.196331e+00
   endloop
 endfacet
 facet normal  8.354518e-01 -5.025672e-01  2.223656e-01
   outer loop
     vertex  5.889995e+00 -1.063856e+01  4.196331e+00
     vertex  5.897600e+00 -1.065230e+01  4.136710e+00
     vertex  1.217396e+01 -2.186761e-01  4.136710e+00
   endloop
 endfacet
 facet normal  8.425241e-01 -5.068216e-01  1.824416e-01
   outer loop
     vertex  5.883755e+00 -1.062729e+01  4.256457e+00
     vertex  1.215826e+01 -2.183941e-01  4.196331e+00
     vertex  1.214538e+01 -2.181628e-01  4.256457e+00
   endloop
 endfacet
 facet normal  8.425241e-01 -5.068216e-01  1.824416e-01
   outer loop
     vertex  5.883755e+00 -1.062729e+01  4.256457e+00
     vertex  5.889995e+00 -1.063856e+01  4.196331e+00
     vertex  1.215826e+01 -2.183941e-01  4.196331e+00
   endloop
 endfacet
 facet normal  8.524584e-01 -5.127976e-01  1.017509e-01
   outer loop
     vertex  5.878891e+00 -1.061850e+01  4.316988e+00
     vertex  1.213534e+01 -2.179824e-01  4.316988e+00
     vertex  1.212815e+01 -2.178534e-01  4.377823e+00
   endloop
 endfacet
 facet normal  8.481962e-01 -5.102336e-01  1.422145e-01
   outer loop
     vertex  5.878891e+00 -1.061850e+01  4.316988e+00
     vertex  1.214538e+01 -2.181628e-01  4.256457e+00
     vertex  1.213534e+01 -2.179824e-01  4.316988e+00
   endloop
 endfacet
 facet normal  8.481962e-01 -5.102336e-01  1.422145e-01
   outer loop
     vertex  5.878891e+00 -1.061850e+01  4.316988e+00
     vertex  5.883755e+00 -1.062729e+01  4.256457e+00
     vertex  1.214538e+01 -2.181628e-01  4.256457e+00
   endloop
 endfacet
 facet normal  8.524584e-01 -5.127976e-01  1.017509e-01
   outer loop
     vertex  5.875411e+00 -1.061222e+01  4.377823e+00
     vertex  5.878891e+00 -1.061850e+01  4.316988e+00
     vertex  1.212815e+01 -2.178534e-01  4.377823e+00
   endloop
 endfacet
 facet normal  8.553039e-01 -5.145093e-01  6.111829e-02
   outer loop
     vertex  5.873320e+00 -1.060844e+01  4.438861e+00
     vertex  1.212815e+01 -2.178534e-01  4.377823e+00
     vertex  1.212384e+01 -2.177759e-01  4.438861e+00
   endloop
 endfacet
 facet normal  8.553039e-01 -5.145093e-01  6.111829e-02
   outer loop
     vertex  5.873320e+00 -1.060844e+01  4.438861e+00
     vertex  5.875411e+00 -1.061222e+01  4.377823e+00
     vertex  1.212815e+01 -2.178534e-01  4.377823e+00
   endloop
 endfacet
 facet normal  8.567278e-01 -5.153658e-01  2.038406e-02
   outer loop
     vertex  5.872623e+00 -1.060718e+01  4.500000e+00
     vertex  1.212384e+01 -2.177759e-01  4.438861e+00
     vertex  1.212240e+01 -2.177500e-01  4.500000e+00
   endloop
 endfacet
 facet normal  8.567278e-01 -5.153658e-01  2.038406e-02
   outer loop
     vertex  5.872623e+00 -1.060718e+01  4.500000e+00
     vertex  5.873320e+00 -1.060844e+01  4.438861e+00
     vertex  1.212384e+01 -2.177759e-01  4.438861e+00
   endloop
 endfacet
 facet normal -8.258382e-04 -4.597539e-02  9.989422e-01
   outer loop
     vertex  3.728184e+00 -1.193108e+01  3.006343e+00
     vertex -3.714952e+00 -1.193521e+01  3.000000e+00
     vertex  3.283919e+00 -1.206092e+01  3.000000e+00
   endloop
 endfacet
 facet normal -8.258382e-04 -4.597539e-02  9.989422e-01
   outer loop
     vertex -4.154267e+00 -1.178949e+01  3.006343e+00
     vertex -3.714952e+00 -1.193521e+01  3.000000e+00
     vertex  3.728184e+00 -1.193108e+01  3.006343e+00
   endloop
 endfacet
 facet normal -2.477862e-03 -1.379455e-01  9.904367e-01
   outer loop
     vertex  4.123447e+00 -1.180030e+01  3.025546e+00
     vertex -4.154267e+00 -1.178949e+01  3.006343e+00
     vertex  3.728184e+00 -1.193108e+01  3.006343e+00
   endloop
 endfacet
 facet normal -2.477862e-03 -1.379455e-01  9.904367e-01
   outer loop
     vertex -4.544579e+00 -1.164460e+01  3.025546e+00
     vertex -4.154267e+00 -1.178949e+01  3.006343e+00
     vertex  4.123447e+00 -1.180030e+01  3.025546e+00
   endloop
 endfacet
 facet normal -4.030420e-03 -2.243783e-01  9.744938e-01
   outer loop
     vertex  4.440657e+00 -1.168463e+01  3.053492e+00
     vertex -4.544579e+00 -1.164460e+01  3.025546e+00
     vertex  4.123447e+00 -1.180030e+01  3.025546e+00
   endloop
 endfacet
 facet normal -4.030420e-03 -2.243783e-01  9.744938e-01
   outer loop
     vertex -4.857430e+00 -1.151761e+01  3.053492e+00
     vertex -4.544579e+00 -1.164460e+01  3.025546e+00
     vertex  4.440657e+00 -1.168463e+01  3.053492e+00
   endloop
 endfacet
 facet normal -5.454318e-03 -3.036483e-01  9.527686e-01
   outer loop
     vertex  4.723059e+00 -1.157336e+01  3.090570e+00
     vertex -4.857430e+00 -1.151761e+01  3.053492e+00
     vertex  4.440657e+00 -1.168463e+01  3.053492e+00
   endloop
 endfacet
 facet normal -6.809381e-03 -3.790863e-01  9.253363e-01
   outer loop
     vertex -5.135654e+00 -1.139627e+01  3.090570e+00
     vertex  4.723059e+00 -1.157336e+01  3.090570e+00
     vertex  4.973538e+00 -1.146795e+01  3.135597e+00
   endloop
 endfacet
 facet normal -5.454318e-03 -3.036484e-01  9.527686e-01
   outer loop
     vertex -5.135654e+00 -1.139627e+01  3.090570e+00
     vertex -4.857430e+00 -1.151761e+01  3.053492e+00
     vertex  4.723059e+00 -1.157336e+01  3.090570e+00
   endloop
 endfacet
 facet normal -8.017780e-03 -4.463593e-01  8.948179e-01
   outer loop
     vertex -5.382185e+00 -1.128194e+01  3.135597e+00
     vertex  4.973538e+00 -1.146795e+01  3.135597e+00
     vertex  5.172819e+00 -1.137945e+01  3.181528e+00
   endloop
 endfacet
 facet normal -6.809381e-03 -3.790863e-01  9.253363e-01
   outer loop
     vertex -5.382185e+00 -1.128194e+01  3.135597e+00
     vertex -5.135654e+00 -1.139627e+01  3.090570e+00
     vertex  4.973538e+00 -1.146795e+01  3.135597e+00
   endloop
 endfacet
 facet normal -9.075835e-03 -5.052625e-01  8.629180e-01
   outer loop
     vertex -5.578159e+00 -1.118634e+01  3.181528e+00
     vertex  5.172819e+00 -1.137945e+01  3.181528e+00
     vertex  5.348502e+00 -1.129794e+01  3.231102e+00
   endloop
 endfacet
 facet normal -8.017780e-03 -4.463593e-01  8.948179e-01
   outer loop
     vertex -5.578159e+00 -1.118634e+01  3.181528e+00
     vertex -5.382185e+00 -1.128194e+01  3.135597e+00
     vertex  5.172819e+00 -1.137945e+01  3.181528e+00
   endloop
 endfacet
 facet normal -1.004505e-02 -5.592198e-01  8.289585e-01
   outer loop
     vertex -5.750802e+00 -1.109857e+01  3.231102e+00
     vertex  5.348502e+00 -1.129794e+01  3.231102e+00
     vertex  5.503087e+00 -1.122346e+01  3.283223e+00
   endloop
 endfacet
 facet normal -9.075835e-03 -5.052625e-01  8.629180e-01
   outer loop
     vertex -5.750802e+00 -1.109857e+01  3.231102e+00
     vertex -5.578159e+00 -1.118634e+01  3.181528e+00
     vertex  5.348502e+00 -1.129794e+01  3.231102e+00
   endloop
 endfacet
 facet normal -1.004505e-02 -5.592199e-01  8.289585e-01
   outer loop
     vertex -5.902612e+00 -1.101858e+01  3.283223e+00
     vertex -5.750802e+00 -1.109857e+01  3.231102e+00
     vertex  5.503087e+00 -1.122346e+01  3.283223e+00
   endloop
 endfacet
 facet normal -1.092706e-02 -6.083226e-01  7.936147e-01
   outer loop
     vertex -5.902612e+00 -1.101858e+01  3.283223e+00
     vertex  5.503087e+00 -1.122346e+01  3.283223e+00
     vertex  5.639002e+00 -1.115579e+01  3.336964e+00
   endloop
 endfacet
 facet normal -1.092706e-02 -6.083226e-01  7.936147e-01
   outer loop
     vertex -6.036010e+00 -1.094608e+01  3.336964e+00
     vertex -5.902612e+00 -1.101858e+01  3.283223e+00
     vertex  5.639002e+00 -1.115579e+01  3.336964e+00
   endloop
 endfacet
 facet normal -1.172461e-02 -6.527227e-01  7.575061e-01
   outer loop
     vertex -6.036010e+00 -1.094608e+01  3.336964e+00
     vertex  5.639002e+00 -1.115579e+01  3.336964e+00
     vertex  5.758149e+00 -1.109476e+01  3.391395e+00
   endloop
 endfacet
 facet normal -1.172461e-02 -6.527228e-01  7.575061e-01
   outer loop
     vertex -6.152887e+00 -1.088081e+01  3.391395e+00
     vertex -6.036010e+00 -1.094608e+01  3.336964e+00
     vertex  5.758149e+00 -1.109476e+01  3.391395e+00
   endloop
 endfacet
 facet normal -1.244086e-02 -6.925973e-01  7.212171e-01
   outer loop
     vertex -6.152887e+00 -1.088081e+01  3.391395e+00
     vertex  5.758149e+00 -1.109476e+01  3.391395e+00
     vertex  5.862288e+00 -1.104009e+01  3.445693e+00
   endloop
 endfacet
 facet normal -1.244086e-02 -6.925973e-01  7.212171e-01
   outer loop
     vertex -6.254996e+00 -1.082243e+01  3.445693e+00
     vertex -6.152887e+00 -1.088081e+01  3.391395e+00
     vertex  5.862288e+00 -1.104009e+01  3.445693e+00
   endloop
 endfacet
 facet normal -1.308012e-02 -7.281858e-01  6.852550e-01
   outer loop
     vertex -6.254996e+00 -1.082243e+01  3.445693e+00
     vertex  5.862288e+00 -1.104009e+01  3.445693e+00
     vertex  5.953063e+00 -1.099141e+01  3.499158e+00
   endloop
 endfacet
 facet normal -1.308012e-02 -7.281858e-01  6.852550e-01
   outer loop
     vertex -6.343964e+00 -1.077052e+01  3.499158e+00
     vertex -6.254996e+00 -1.082243e+01  3.445693e+00
     vertex  5.953063e+00 -1.099141e+01  3.499158e+00
   endloop
 endfacet
 facet normal -1.355175e-02 -7.544418e-01  6.562271e-01
   outer loop
     vertex -6.343964e+00 -1.077052e+01  3.499158e+00
     vertex  5.953063e+00 -1.099141e+01  3.499158e+00
     vertex  6.004414e+00 -1.096344e+01  3.532372e+00
   endloop
 endfacet
 facet normal -1.355175e-02 -7.544418e-01  6.562271e-01
   outer loop
     vertex -6.394278e+00 -1.074073e+01  3.532372e+00
     vertex -6.343964e+00 -1.077052e+01  3.499158e+00
     vertex  6.004414e+00 -1.096344e+01  3.532372e+00
   endloop
 endfacet
 facet normal -1.389550e-02 -7.735789e-01  6.335477e-01
   outer loop
     vertex -6.394278e+00 -1.074073e+01  3.532372e+00
     vertex  6.004414e+00 -1.096344e+01  3.532372e+00
     vertex  6.054572e+00 -1.093582e+01  3.567197e+00
   endloop
 endfacet
 facet normal -1.389550e-02 -7.735789e-01  6.335477e-01
   outer loop
     vertex -6.443412e+00 -1.071132e+01  3.567197e+00
     vertex -6.394278e+00 -1.074073e+01  3.532372e+00
     vertex  6.054572e+00 -1.093582e+01  3.567197e+00
   endloop
 endfacet
 facet normal -1.422939e-02 -7.921667e-01  6.101389e-01
   outer loop
     vertex -6.443412e+00 -1.071132e+01  3.567197e+00
     vertex  6.054572e+00 -1.093582e+01  3.567197e+00
     vertex  6.039329e+00 -1.090829e+01  3.602589e+00
   endloop
 endfacet
 facet normal -1.422939e-02 -7.921667e-01  6.101389e-01
   outer loop
     vertex -6.427189e+00 -1.068436e+01  3.602589e+00
     vertex -6.443412e+00 -1.071132e+01  3.567197e+00
     vertex  6.039329e+00 -1.090829e+01  3.602589e+00
   endloop
 endfacet
 facet normal -1.454937e-02 -8.099805e-01  5.862763e-01
   outer loop
     vertex -6.411601e+00 -1.065844e+01  3.638777e+00
     vertex -6.427189e+00 -1.068436e+01  3.602589e+00
     vertex  6.039329e+00 -1.090829e+01  3.602589e+00
   endloop
 endfacet
 facet normal -1.454937e-02 -8.099805e-01  5.862763e-01
   outer loop
     vertex -6.411601e+00 -1.065844e+01  3.638777e+00
     vertex  6.039329e+00 -1.090829e+01  3.602589e+00
     vertex  6.024681e+00 -1.088183e+01  3.638777e+00
   endloop
 endfacet
 facet normal -1.491167e-02 -8.301505e-01  5.573399e-01
   outer loop
     vertex -6.391314e+00 -1.062472e+01  3.689551e+00
     vertex -6.411601e+00 -1.065844e+01  3.638777e+00
     vertex  6.024681e+00 -1.088183e+01  3.638777e+00
   endloop
 endfacet
 facet normal -1.491167e-02 -8.301505e-01  5.573399e-01
   outer loop
     vertex -6.391314e+00 -1.062472e+01  3.689551e+00
     vertex  6.024681e+00 -1.088183e+01  3.638777e+00
     vertex  6.005619e+00 -1.084740e+01  3.689551e+00
   endloop
 endfacet
 facet normal -1.530727e-02 -8.521739e-01  5.230347e-01
   outer loop
     vertex -6.372276e+00 -1.059307e+01  3.741671e+00
     vertex -6.391314e+00 -1.062472e+01  3.689551e+00
     vertex  6.005619e+00 -1.084740e+01  3.689551e+00
   endloop
 endfacet
 facet normal -1.530727e-02 -8.521739e-01  5.230347e-01
   outer loop
     vertex -6.372276e+00 -1.059307e+01  3.741671e+00
     vertex  6.005619e+00 -1.084740e+01  3.689551e+00
     vertex  5.987730e+00 -1.081509e+01  3.741671e+00
   endloop
 endfacet
 facet normal -1.567743e-02 -8.727810e-01  4.878601e-01
   outer loop
     vertex -6.354519e+00 -1.056355e+01  3.795052e+00
     vertex -6.372276e+00 -1.059307e+01  3.741671e+00
     vertex  5.987730e+00 -1.081509e+01  3.741671e+00
   endloop
 endfacet
 facet normal -1.567743e-02 -8.727810e-01  4.878601e-01
   outer loop
     vertex -6.354519e+00 -1.056355e+01  3.795052e+00
     vertex  5.987730e+00 -1.081509e+01  3.741671e+00
     vertex  5.971044e+00 -1.078495e+01  3.795052e+00
   endloop
 endfacet
 facet normal -1.602153e-02 -8.919375e-01  4.518747e-01
   outer loop
     vertex -6.338071e+00 -1.053621e+01  3.849605e+00
     vertex -6.354519e+00 -1.056355e+01  3.795052e+00
     vertex  5.971044e+00 -1.078495e+01  3.795052e+00
   endloop
 endfacet
 facet normal -1.602153e-02 -8.919375e-01  4.518747e-01
   outer loop
     vertex -6.338071e+00 -1.053621e+01  3.849605e+00
     vertex  5.971044e+00 -1.078495e+01  3.795052e+00
     vertex  5.955589e+00 -1.075704e+01  3.849605e+00
   endloop
 endfacet
 facet normal -1.633900e-02 -9.096116e-01  4.151383e-01
   outer loop
     vertex -6.322961e+00 -1.051109e+01  3.905239e+00
     vertex -6.338071e+00 -1.053621e+01  3.849605e+00
     vertex  5.955589e+00 -1.075704e+01  3.849605e+00
   endloop
 endfacet
 facet normal -1.633900e-02 -9.096116e-01  4.151383e-01
   outer loop
     vertex -6.322961e+00 -1.051109e+01  3.905239e+00
     vertex  5.955589e+00 -1.075704e+01  3.849605e+00
     vertex  5.941390e+00 -1.073139e+01  3.905239e+00
   endloop
 endfacet
 facet normal -1.662932e-02 -9.257738e-01  3.777119e-01
   outer loop
     vertex -6.309212e+00 -1.048823e+01  3.961861e+00
     vertex  5.941390e+00 -1.073139e+01  3.905239e+00
     vertex  5.928472e+00 -1.070806e+01  3.961861e+00
   endloop
 endfacet
 facet normal -1.662932e-02 -9.257738e-01  3.777119e-01
   outer loop
     vertex -6.309212e+00 -1.048823e+01  3.961861e+00
     vertex -6.322961e+00 -1.051109e+01  3.905239e+00
     vertex  5.941390e+00 -1.073139e+01  3.905239e+00
   endloop
 endfacet
 facet normal -1.689200e-02 -9.403974e-01  3.396577e-01
   outer loop
     vertex -6.296849e+00 -1.046768e+01  4.019378e+00
     vertex -6.309212e+00 -1.048823e+01  3.961861e+00
     vertex  5.928472e+00 -1.070806e+01  3.961861e+00
   endloop
 endfacet
 facet normal -1.689200e-02 -9.403974e-01  3.396577e-01
   outer loop
     vertex -6.296849e+00 -1.046768e+01  4.019378e+00
     vertex  5.928472e+00 -1.070806e+01  3.961861e+00
     vertex  5.916855e+00 -1.068707e+01  4.019378e+00
   endloop
 endfacet
 facet normal -1.712660e-02 -9.534580e-01  3.010390e-01
   outer loop
     vertex -6.285892e+00 -1.044947e+01  4.077693e+00
     vertex  5.916855e+00 -1.068707e+01  4.019378e+00
     vertex  5.906558e+00 -1.066848e+01  4.077693e+00
   endloop
 endfacet
 facet normal -1.712660e-02 -9.534580e-01  3.010390e-01
   outer loop
     vertex -6.285892e+00 -1.044947e+01  4.077693e+00
     vertex -6.296849e+00 -1.046768e+01  4.019378e+00
     vertex  5.916855e+00 -1.068707e+01  4.019378e+00
   endloop
 endfacet
 facet normal -1.733274e-02 -9.649339e-01  2.619200e-01
   outer loop
     vertex -6.276358e+00 -1.043362e+01  4.136710e+00
     vertex  5.906558e+00 -1.066848e+01  4.077693e+00
     vertex  5.897600e+00 -1.065230e+01  4.136710e+00
   endloop
 endfacet
 facet normal -1.733274e-02 -9.649339e-01  2.619200e-01
   outer loop
     vertex -6.276358e+00 -1.043362e+01  4.136710e+00
     vertex -6.285892e+00 -1.044947e+01  4.077693e+00
     vertex  5.906558e+00 -1.066848e+01  4.077693e+00
   endloop
 endfacet
 facet normal -1.751007e-02 -9.748061e-01  2.223656e-01
   outer loop
     vertex -6.268264e+00 -1.042016e+01  4.196331e+00
     vertex  5.897600e+00 -1.065230e+01  4.136710e+00
     vertex  5.889995e+00 -1.063856e+01  4.196331e+00
   endloop
 endfacet
 facet normal -1.751007e-02 -9.748061e-01  2.223656e-01
   outer loop
     vertex -6.268264e+00 -1.042016e+01  4.196331e+00
     vertex -6.276358e+00 -1.043362e+01  4.136710e+00
     vertex  5.897600e+00 -1.065230e+01  4.136710e+00
   endloop
 endfacet
 facet normal -1.765829e-02 -9.830581e-01  1.824416e-01
   outer loop
     vertex -6.261624e+00 -1.040912e+01  4.256457e+00
     vertex  5.889995e+00 -1.063856e+01  4.196331e+00
     vertex  5.883755e+00 -1.062729e+01  4.256457e+00
   endloop
 endfacet
 facet normal -1.765829e-02 -9.830581e-01  1.824416e-01
   outer loop
     vertex -6.261624e+00 -1.040912e+01  4.256457e+00
     vertex -6.268264e+00 -1.042016e+01  4.196331e+00
     vertex  5.889995e+00 -1.063856e+01  4.196331e+00
   endloop
 endfacet
 facet normal -1.786650e-02 -9.946495e-01  1.017509e-01
   outer loop
     vertex -6.256447e+00 -1.040052e+01  4.316988e+00
     vertex  5.878891e+00 -1.061850e+01  4.316988e+00
     vertex  5.875411e+00 -1.061222e+01  4.377823e+00
   endloop
 endfacet
 facet normal -1.777717e-02 -9.896762e-01  1.422145e-01
   outer loop
     vertex -6.256447e+00 -1.040052e+01  4.316988e+00
     vertex  5.883755e+00 -1.062729e+01  4.256457e+00
     vertex  5.878891e+00 -1.061850e+01  4.316988e+00
   endloop
 endfacet
 facet normal -1.777717e-02 -9.896762e-01  1.422145e-01
   outer loop
     vertex -6.256447e+00 -1.040052e+01  4.316988e+00
     vertex -6.261624e+00 -1.040912e+01  4.256457e+00
     vertex  5.883755e+00 -1.062729e+01  4.256457e+00
   endloop
 endfacet
 facet normal -1.792614e-02 -9.979695e-01  6.111829e-02
   outer loop
     vertex -6.252744e+00 -1.039436e+01  4.377823e+00
     vertex  5.875411e+00 -1.061222e+01  4.377823e+00
     vertex  5.873320e+00 -1.060844e+01  4.438861e+00
   endloop
 endfacet
 facet normal -1.786650e-02 -9.946495e-01  1.017509e-01
   outer loop
     vertex -6.252744e+00 -1.039436e+01  4.377823e+00
     vertex -6.256447e+00 -1.040052e+01  4.316988e+00
     vertex  5.875411e+00 -1.061222e+01  4.377823e+00
   endloop
 endfacet
 facet normal -1.792614e-02 -9.979695e-01  6.111829e-02
   outer loop
     vertex -6.250519e+00 -1.039066e+01  4.438861e+00
     vertex -6.252744e+00 -1.039436e+01  4.377823e+00
     vertex  5.873320e+00 -1.060844e+01  4.438861e+00
   endloop
 endfacet
 facet normal -1.795599e-02 -9.996310e-01  2.038406e-02
   outer loop
     vertex -6.249777e+00 -1.038943e+01  4.500000e+00
     vertex  5.873320e+00 -1.060844e+01  4.438861e+00
     vertex  5.872623e+00 -1.060718e+01  4.500000e+00
   endloop
 endfacet
 facet normal -1.795599e-02 -9.996310e-01  2.038406e-02
   outer loop
     vertex -6.249777e+00 -1.038943e+01  4.500000e+00
     vertex -6.250519e+00 -1.039066e+01  4.438861e+00
     vertex  5.873320e+00 -1.060844e+01  4.438861e+00
   endloop
 endfacet
 facet normal  0.000000e+00  0.000000e+00  1.000000e+00
   outer loop
     vertex  3.283919e+00 -1.206092e+01  3.000000e+00
     vertex -3.714952e+00 -1.193521e+01  3.000000e+00
     vertex -3.146484e+00 -1.209751e+01  3.000000e+00
   endloop
 endfacet
 facet normal  0.000000e+00  0.000000e+00  1.000000e+00
   outer loop
     vertex  3.283919e+00 -1.206092e+01  3.000000e+00
     vertex -3.146484e+00 -1.209751e+01  3.000000e+00
     vertex -2.570979e+00 -1.223275e+01  3.000000e+00
   endloop
 endfacet
 facet normal  0.000000e+00  0.000000e+00  1.000000e+00
   outer loop
     vertex  3.283919e+00 -1.206092e+01  3.000000e+00
     vertex -2.570979e+00 -1.223275e+01  3.000000e+00
     vertex -1.989722e+00 -1.234062e+01  3.000000e+00
   endloop
 endfacet
 facet normal  0.000000e+00  0.000000e+00  1.000000e+00
   outer loop
     vertex  3.283919e+00 -1.206092e+01  3.000000e+00
     vertex -1.989722e+00 -1.234062e+01  3.000000e+00
     vertex -1.404015e+00 -1.242090e+01  3.000000e+00
   endloop
 endfacet
 facet normal  0.000000e+00  0.000000e+00  1.000000e+00
   outer loop
     vertex  3.283919e+00 -1.206092e+01  3.000000e+00
     vertex -1.404015e+00 -1.242090e+01  3.000000e+00
     vertex -8.151674e-01 -1.247339e+01  3.000000e+00
   endloop
 endfacet
 facet normal  0.000000e+00  0.000000e+00  1.000000e+00
   outer loop
     vertex  3.283919e+00 -1.206092e+01  3.000000e+00
     vertex -8.151674e-01 -1.247339e+01  3.000000e+00
     vertex -2.244965e-01 -1.249798e+01  3.000000e+00
   endloop
 endfacet
 facet normal  0.000000e+00  0.000000e+00  1.000000e+00
   outer loop
     vertex  3.283919e+00 -1.206092e+01  3.000000e+00
     vertex -2.244965e-01 -1.249798e+01  3.000000e+00
     vertex  3.666766e-01 -1.249462e+01  3.000000e+00
   endloop
 endfacet
 facet normal  0.000000e+00  0.000000e+00  1.000000e+00
   outer loop
     vertex  3.283919e+00 -1.206092e+01  3.000000e+00
     vertex  3.666766e-01 -1.249462e+01  3.000000e+00
     vertex  9.570295e-01 -1.246331e+01  3.000000e+00
   endloop
 endfacet
 facet normal  0.000000e+00  0.000000e+00  1.000000e+00
   outer loop
     vertex  3.283919e+00 -1.206092e+01  3.000000e+00
     vertex  9.570295e-01 -1.246331e+01  3.000000e+00
     vertex  1.545242e+00 -1.240412e+01  3.000000e+00
   endloop
 endfacet
 facet normal  0.000000e+00  0.000000e+00  1.000000e+00
   outer loop
     vertex  3.283919e+00 -1.206092e+01  3.000000e+00
     vertex  1.545242e+00 -1.240412e+01  3.000000e+00
     vertex  2.129998e+00 -1.231719e+01  3.000000e+00
   endloop
 endfacet
 facet normal  0.000000e+00  0.000000e+00  1.000000e+00
   outer loop
     vertex  3.283919e+00 -1.206092e+01  3.000000e+00
     vertex  2.129998e+00 -1.231719e+01  3.000000e+00
     vertex  2.709989e+00 -1.220270e+01  3.000000e+00
   endloop
 endfacet
 facet normal -4.022877e-02 -2.227250e-02  9.989422e-01
   outer loop
     vertex -8.468525e+00 -9.194241e+00  3.006343e+00
     vertex -1.219367e+01 -2.750360e+00  3.000000e+00
     vertex -8.803107e+00 -8.874419e+00  3.000000e+00
   endloop
 endfacet
 facet normal -4.022877e-02 -2.227250e-02  9.989422e-01
   outer loop
     vertex -1.228713e+01 -2.297044e+00  3.006343e+00
     vertex -1.219367e+01 -2.750360e+00  3.000000e+00
     vertex -8.468525e+00 -9.194241e+00  3.006343e+00
   endloop
 endfacet
 facet normal -1.207032e-01 -6.682685e-02  9.904367e-01
   outer loop
     vertex -8.157640e+00 -9.471162e+00  3.025546e+00
     vertex -1.228713e+01 -2.297044e+00  3.006343e+00
     vertex -8.468525e+00 -9.194241e+00  3.006343e+00
   endloop
 endfacet
 facet normal -1.207032e-01 -6.682685e-02  9.904367e-01
   outer loop
     vertex -1.235681e+01 -1.886581e+00  3.025546e+00
     vertex -1.228713e+01 -2.297044e+00  3.006343e+00
     vertex -8.157640e+00 -9.471162e+00  3.025546e+00
   endloop
 endfacet
 facet normal -1.963325e-01 -1.086987e-01  9.744938e-01
   outer loop
     vertex -7.898857e+00 -9.688037e+00  3.053492e+00
     vertex -1.235681e+01 -1.886581e+00  3.025546e+00
     vertex -8.157640e+00 -9.471162e+00  3.025546e+00
   endloop
 endfacet
 facet normal -1.963325e-01 -1.086987e-01  9.744938e-01
   outer loop
     vertex -1.240326e+01 -1.552148e+00  3.053492e+00
     vertex -1.235681e+01 -1.886581e+00  3.025546e+00
     vertex -7.898857e+00 -9.688037e+00  3.053492e+00
   endloop
 endfacet
 facet normal -2.656943e-01 -1.471006e-01  9.527686e-01
   outer loop
     vertex -7.661296e+00 -9.876971e+00  3.090570e+00
     vertex -1.240326e+01 -1.552148e+00  3.053492e+00
     vertex -7.898857e+00 -9.688037e+00  3.053492e+00
   endloop
 endfacet
 facet normal -3.317030e-01 -1.836460e-01  9.253363e-01
   outer loop
     vertex -1.243729e+01 -1.250530e+00  3.090570e+00
     vertex -7.661296e+00 -9.876971e+00  3.090570e+00
     vertex -7.444769e+00 -1.004119e+01  3.135597e+00
   endloop
 endfacet
 facet normal -2.656943e-01 -1.471006e-01  9.527686e-01
   outer loop
     vertex -1.243729e+01 -1.250530e+00  3.090570e+00
     vertex -1.240326e+01 -1.552148e+00  3.053492e+00
     vertex -7.661296e+00 -9.876971e+00  3.090570e+00
   endloop
 endfacet
 facet normal -3.905674e-01 -2.162360e-01  8.948179e-01
   outer loop
     vertex -1.246154e+01 -9.798586e-01  3.135597e+00
     vertex -7.444769e+00 -1.004119e+01  3.135597e+00
     vertex -7.268486e+00 -1.016952e+01  3.181528e+00
   endloop
 endfacet
 facet normal -3.317030e-01 -1.836460e-01  9.253363e-01
   outer loop
     vertex -1.246154e+01 -9.798586e-01  3.135597e+00
     vertex -1.243729e+01 -1.250530e+00  3.090570e+00
     vertex -7.444769e+00 -1.004119e+01  3.135597e+00
   endloop
 endfacet
 facet normal -4.421081e-01 -2.447713e-01  8.629180e-01
   outer loop
     vertex -1.247673e+01 -7.623411e-01  3.181528e+00
     vertex -7.268486e+00 -1.016952e+01  3.181528e+00
     vertex -7.110055e+00 -1.028091e+01  3.231102e+00
   endloop
 endfacet
 facet normal -3.905674e-01 -2.162360e-01  8.948179e-01
   outer loop
     vertex -1.247673e+01 -7.623411e-01  3.181528e+00
     vertex -1.246154e+01 -9.798586e-01  3.135597e+00
     vertex -7.268486e+00 -1.016952e+01  3.181528e+00
   endloop
 endfacet
 facet normal -4.893211e-01 -2.709107e-01  8.289585e-01
   outer loop
     vertex -1.248705e+01 -5.689445e-01  3.231102e+00
     vertex -7.110055e+00 -1.028091e+01  3.231102e+00
     vertex -6.968257e+00 -1.037754e+01  3.283223e+00
   endloop
 endfacet
 facet normal -4.421081e-01 -2.447713e-01  8.629180e-01
   outer loop
     vertex -1.248705e+01 -5.689445e-01  3.231102e+00
     vertex -1.247673e+01 -7.623411e-01  3.181528e+00
     vertex -7.110055e+00 -1.028091e+01  3.231102e+00
   endloop
 endfacet
 facet normal -4.893211e-01 -2.709107e-01  8.289585e-01
   outer loop
     vertex -1.249368e+01 -3.974792e-01  3.283223e+00
     vertex -1.248705e+01 -5.689445e-01  3.231102e+00
     vertex -6.968257e+00 -1.037754e+01  3.283223e+00
   endloop
 endfacet
 facet normal -5.322863e-01 -2.946982e-01  7.936147e-01
   outer loop
     vertex -1.249368e+01 -3.974792e-01  3.283223e+00
     vertex -6.968257e+00 -1.037754e+01  3.283223e+00
     vertex -6.841696e+00 -1.046141e+01  3.336964e+00
   endloop
 endfacet
 facet normal -5.322863e-01 -2.946982e-01  7.936147e-01
   outer loop
     vertex -1.249759e+01 -2.457005e-01  3.336964e+00
     vertex -1.249368e+01 -3.974792e-01  3.283223e+00
     vertex -6.841696e+00 -1.046141e+01  3.336964e+00
   endloop
 endfacet
 facet normal -5.711368e-01 -3.162076e-01  7.575061e-01
   outer loop
     vertex -1.249759e+01 -2.457005e-01  3.336964e+00
     vertex -6.841696e+00 -1.046141e+01  3.336964e+00
     vertex -6.729271e+00 -1.053408e+01  3.391395e+00
   endloop
 endfacet
 facet normal -5.711368e-01 -3.162076e-01  7.575061e-01
   outer loop
     vertex -1.249950e+01 -1.118472e-01  3.391395e+00
     vertex -1.249759e+01 -2.457005e-01  3.336964e+00
     vertex -6.729271e+00 -1.053408e+01  3.391395e+00
   endloop
 endfacet
 facet normal -6.060273e-01 -3.355246e-01  7.212171e-01
   outer loop
     vertex -1.249950e+01 -1.118472e-01  3.391395e+00
     vertex -6.729271e+00 -1.053408e+01  3.391395e+00
     vertex -6.629854e+00 -1.059694e+01  3.445693e+00
   endloop
 endfacet
 facet normal -6.060273e-01 -3.355246e-01  7.212171e-01
   outer loop
     vertex -1.250000e+01  5.769551e-03  3.445693e+00
     vertex -1.249950e+01 -1.118472e-01  3.391395e+00
     vertex -6.629854e+00 -1.059694e+01  3.445693e+00
   endloop
 endfacet
 facet normal -6.371674e-01 -3.527652e-01  6.852550e-01
   outer loop
     vertex -1.250000e+01  5.769551e-03  3.445693e+00
     vertex -6.629854e+00 -1.059694e+01  3.445693e+00
     vertex -6.542307e+00 -1.065121e+01  3.499158e+00
   endloop
 endfacet
 facet normal -6.371674e-01 -3.527652e-01  6.852550e-01
   outer loop
     vertex -1.249953e+01  1.087732e-01  3.499158e+00
     vertex -1.250000e+01  5.769551e-03  3.445693e+00
     vertex -6.542307e+00 -1.065121e+01  3.499158e+00
   endloop
 endfacet
 facet normal -6.601416e-01 -3.654847e-01  6.562271e-01
   outer loop
     vertex -1.249953e+01  1.087732e-01  3.499158e+00
     vertex -6.542307e+00 -1.065121e+01  3.499158e+00
     vertex -6.492410e+00 -1.068169e+01  3.532372e+00
   endloop
 endfacet
 facet normal -6.601416e-01 -3.654847e-01  6.562271e-01
   outer loop
     vertex -1.249888e+01  1.672434e-01  3.532372e+00
     vertex -1.249953e+01  1.087732e-01  3.499158e+00
     vertex -6.492410e+00 -1.068169e+01  3.532372e+00
   endloop
 endfacet
 facet normal -6.768867e-01 -3.747556e-01  6.335477e-01
   outer loop
     vertex -1.249888e+01  1.672434e-01  3.532372e+00
     vertex -6.492410e+00 -1.068169e+01  3.532372e+00
     vertex -6.443412e+00 -1.071132e+01  3.567197e+00
   endloop
 endfacet
 facet normal -6.768867e-01 -3.747556e-01  6.335477e-01
   outer loop
     vertex -1.249798e+01  2.244965e-01  3.567197e+00
     vertex -1.249888e+01  1.672434e-01  3.532372e+00
     vertex -6.443412e+00 -1.071132e+01  3.567197e+00
   endloop
 endfacet
 facet normal -6.931512e-01 -3.837603e-01  6.101389e-01
   outer loop
     vertex -1.249798e+01  2.244965e-01  3.567197e+00
     vertex -6.443412e+00 -1.071132e+01  3.567197e+00
     vertex -6.427189e+00 -1.068436e+01  3.602589e+00
   endloop
 endfacet
 facet normal -6.931512e-01 -3.837603e-01  6.101389e-01
   outer loop
     vertex -1.246652e+01  2.239313e-01  3.602589e+00
     vertex -1.249798e+01  2.244965e-01  3.567197e+00
     vertex -6.427189e+00 -1.068436e+01  3.602589e+00
   endloop
 endfacet
 facet normal -7.087384e-01 -3.923901e-01  5.862763e-01
   outer loop
     vertex -1.246652e+01  2.239313e-01  3.602589e+00
     vertex -6.427189e+00 -1.068436e+01  3.602589e+00
     vertex -6.411601e+00 -1.065844e+01  3.638777e+00
   endloop
 endfacet
 facet normal -7.087384e-01 -3.923901e-01  5.862763e-01
   outer loop
     vertex -1.243628e+01  2.233881e-01  3.638777e+00
     vertex -1.246652e+01  2.239313e-01  3.602589e+00
     vertex -6.411601e+00 -1.065844e+01  3.638777e+00
   endloop
 endfacet
 facet normal -7.263872e-01 -4.021614e-01  5.573399e-01
   outer loop
     vertex -1.243628e+01  2.233881e-01  3.638777e+00
     vertex -6.411601e+00 -1.065844e+01  3.638777e+00
     vertex -6.391314e+00 -1.062472e+01  3.689551e+00
   endloop
 endfacet
 facet normal -7.263872e-01 -4.021614e-01  5.573399e-01
   outer loop
     vertex -1.239693e+01  2.226813e-01  3.689551e+00
     vertex -1.243628e+01  2.233881e-01  3.638777e+00
     vertex -6.391314e+00 -1.062472e+01  3.689551e+00
   endloop
 endfacet
 facet normal -7.456579e-01 -4.128305e-01  5.230347e-01
   outer loop
     vertex -1.239693e+01  2.226813e-01  3.689551e+00
     vertex -6.391314e+00 -1.062472e+01  3.689551e+00
     vertex -6.372276e+00 -1.059307e+01  3.741671e+00
   endloop
 endfacet
 facet normal -7.456579e-01 -4.128305e-01  5.230347e-01
   outer loop
     vertex -1.236001e+01  2.220180e-01  3.741671e+00
     vertex -1.239693e+01  2.226813e-01  3.689551e+00
     vertex -6.372276e+00 -1.059307e+01  3.741671e+00
   endloop
 endfacet
 facet normal -7.636893e-01 -4.228135e-01  4.878601e-01
   outer loop
     vertex -1.236001e+01  2.220180e-01  3.741671e+00
     vertex -6.372276e+00 -1.059307e+01  3.741671e+00
     vertex -6.354519e+00 -1.056355e+01  3.795052e+00
   endloop
 endfacet
 facet normal -7.636893e-01 -4.228135e-01  4.878601e-01
   outer loop
     vertex -1.232556e+01  2.213993e-01  3.795052e+00
     vertex -1.236001e+01  2.220180e-01  3.741671e+00
     vertex -6.354519e+00 -1.056355e+01  3.795052e+00
   endloop
 endfacet
 facet normal -7.804513e-01 -4.320937e-01  4.518747e-01
   outer loop
     vertex -1.232556e+01  2.213993e-01  3.795052e+00
     vertex -6.354519e+00 -1.056355e+01  3.795052e+00
     vertex -6.338071e+00 -1.053621e+01  3.849605e+00
   endloop
 endfacet
 facet normal -7.804513e-01 -4.320937e-01  4.518747e-01
   outer loop
     vertex -1.229366e+01  2.208263e-01  3.849605e+00
     vertex -1.232556e+01  2.213993e-01  3.795052e+00
     vertex -6.338071e+00 -1.053621e+01  3.849605e+00
   endloop
 endfacet
 facet normal -7.959162e-01 -4.406558e-01  4.151383e-01
   outer loop
     vertex -1.229366e+01  2.208263e-01  3.849605e+00
     vertex -6.338071e+00 -1.053621e+01  3.849605e+00
     vertex -6.322961e+00 -1.051109e+01  3.905239e+00
   endloop
 endfacet
 facet normal -7.959162e-01 -4.406558e-01  4.151383e-01
   outer loop
     vertex -1.226435e+01  2.202998e-01  3.905239e+00
     vertex -1.229366e+01  2.208263e-01  3.849605e+00
     vertex -6.322961e+00 -1.051109e+01  3.905239e+00
   endloop
 endfacet
 facet normal -8.100583e-01 -4.484855e-01  3.777119e-01
   outer loop
     vertex -1.226435e+01  2.202998e-01  3.905239e+00
     vertex -6.322961e+00 -1.051109e+01  3.905239e+00
     vertex -6.309212e+00 -1.048823e+01  3.961861e+00
   endloop
 endfacet
 facet normal -8.100583e-01 -4.484855e-01  3.777119e-01
   outer loop
     vertex -1.223768e+01  2.198208e-01  3.961861e+00
     vertex -1.226435e+01  2.202998e-01  3.905239e+00
     vertex -6.309212e+00 -1.048823e+01  3.961861e+00
   endloop
 endfacet
 facet normal -8.228541e-01 -4.555698e-01  3.396577e-01
   outer loop
     vertex -1.223768e+01  2.198208e-01  3.961861e+00
     vertex -6.309212e+00 -1.048823e+01  3.961861e+00
     vertex -6.296849e+00 -1.046768e+01  4.019378e+00
   endloop
 endfacet
 facet normal -8.342822e-01 -4.618969e-01  3.010390e-01
   outer loop
     vertex -1.221370e+01  2.193901e-01  4.019378e+00
     vertex -6.296849e+00 -1.046768e+01  4.019378e+00
     vertex -6.285892e+00 -1.044947e+01  4.077693e+00
   endloop
 endfacet
 facet normal -8.228541e-01 -4.555698e-01  3.396577e-01
   outer loop
     vertex -1.221370e+01  2.193901e-01  4.019378e+00
     vertex -1.223768e+01  2.198208e-01  3.961861e+00
     vertex -6.296849e+00 -1.046768e+01  4.019378e+00
   endloop
 endfacet
 facet normal -8.443237e-01 -4.674564e-01  2.619200e-01
   outer loop
     vertex -1.219245e+01  2.190083e-01  4.077693e+00
     vertex -6.285892e+00 -1.044947e+01  4.077693e+00
     vertex -6.276358e+00 -1.043362e+01  4.136710e+00
   endloop
 endfacet
 facet normal -8.342822e-01 -4.618969e-01  3.010390e-01
   outer loop
     vertex -1.219245e+01  2.190083e-01  4.077693e+00
     vertex -1.221370e+01  2.193901e-01  4.019378e+00
     vertex -6.285892e+00 -1.044947e+01  4.077693e+00
   endloop
 endfacet
 facet normal -8.529619e-01 -4.722389e-01  2.223656e-01
   outer loop
     vertex -1.217396e+01  2.186761e-01  4.136710e+00
     vertex -6.276358e+00 -1.043362e+01  4.136710e+00
     vertex -6.268264e+00 -1.042016e+01  4.196331e+00
   endloop
 endfacet
 facet normal -8.443237e-01 -4.674564e-01  2.619200e-01
   outer loop
     vertex -1.217396e+01  2.186761e-01  4.136710e+00
     vertex -1.219245e+01  2.190083e-01  4.077693e+00
     vertex -6.276358e+00 -1.043362e+01  4.136710e+00
   endloop
 endfacet
 facet normal -8.529619e-01 -4.722389e-01  2.223656e-01
   outer loop
     vertex -1.215826e+01  2.183941e-01  4.196331e+00
     vertex -1.217396e+01  2.186761e-01  4.136710e+00
     vertex -6.268264e+00 -1.042016e+01  4.196331e+00
   endloop
 endfacet
 facet normal -8.601824e-01 -4.762365e-01  1.824416e-01
   outer loop
     vertex -1.214538e+01  2.181628e-01  4.256457e+00
     vertex -6.268264e+00 -1.042016e+01  4.196331e+00
     vertex -6.261624e+00 -1.040912e+01  4.256457e+00
   endloop
 endfacet
 facet normal -8.601824e-01 -4.762365e-01  1.824416e-01
   outer loop
     vertex -1.214538e+01  2.181628e-01  4.256457e+00
     vertex -1.215826e+01  2.183941e-01  4.196331e+00
     vertex -6.268264e+00 -1.042016e+01  4.196331e+00
   endloop
 endfacet
 facet normal -8.659733e-01 -4.794426e-01  1.422145e-01
   outer loop
     vertex -1.213534e+01  2.179824e-01  4.316988e+00
     vertex -6.261624e+00 -1.040912e+01  4.256457e+00
     vertex -6.256447e+00 -1.040052e+01  4.316988e+00
   endloop
 endfacet
 facet normal -8.659733e-01 -4.794426e-01  1.422145e-01
   outer loop
     vertex -1.213534e+01  2.179824e-01  4.316988e+00
     vertex -1.214538e+01  2.181628e-01  4.256457e+00
     vertex -6.261624e+00 -1.040912e+01  4.256457e+00
   endloop
 endfacet
 facet normal -8.703249e-01 -4.818519e-01  1.017509e-01
   outer loop
     vertex -1.212815e+01  2.178534e-01  4.377823e+00
     vertex -6.256447e+00 -1.040052e+01  4.316988e+00
     vertex -6.252744e+00 -1.039436e+01  4.377823e+00
   endloop
 endfacet
 facet normal -8.703249e-01 -4.818519e-01  1.017509e-01
   outer loop
     vertex -1.212815e+01  2.178534e-01  4.377823e+00
     vertex -1.213534e+01  2.179824e-01  4.316988e+00
     vertex -6.256447e+00 -1.040052e+01  4.316988e+00
   endloop
 endfacet
 facet normal -8.732300e-01 -4.834603e-01  6.111829e-02
   outer loop
     vertex -1.212384e+01  2.177759e-01  4.438861e+00
     vertex -6.252744e+00 -1.039436e+01  4.377823e+00
     vertex -6.250519e+00 -1.039066e+01  4.438861e+00
   endloop
 endfacet
 facet normal -8.732300e-01 -4.834603e-01  6.111829e-02
   outer loop
     vertex -1.212384e+01  2.177759e-01  4.438861e+00
     vertex -1.212815e+01  2.178534e-01  4.377823e+00
     vertex -6.252744e+00 -1.039436e+01  4.377823e+00
   endloop
 endfacet
 facet normal -8.746838e-01 -4.842651e-01  2.038406e-02
   outer loop
     vertex -1.212240e+01  2.177500e-01  4.500000e+00
     vertex -6.250519e+00 -1.039066e+01  4.438861e+00
     vertex -6.249777e+00 -1.038943e+01  4.500000e+00
   endloop
 endfacet
 facet normal -8.746838e-01 -4.842651e-01  2.038406e-02
   outer loop
     vertex -1.212240e+01  2.177500e-01  4.500000e+00
     vertex -1.212384e+01  2.177759e-01  4.438861e+00
     vertex -6.250519e+00 -1.039066e+01  4.438861e+00
   endloop
 endfacet
 facet normal  0.000000e+00  0.000000e+00  1.000000e+00
   outer loop
     vertex -8.803107e+00 -8.874419e+00  3.000000e+00
     vertex -1.219367e+01 -2.750360e+00  3.000000e+00
     vertex -1.204999e+01 -3.323817e+00  3.000000e+00
   endloop
 endfacet
 facet normal  0.000000e+00  0.000000e+00  1.000000e+00
   outer loop
     vertex -8.803107e+00 -8.874419e+00  3.000000e+00
     vertex -1.204999e+01 -3.323817e+00  3.000000e+00
     vertex -1.187936e+01 -3.889840e+00  3.000000e+00
   endloop
 endfacet
 facet normal  0.000000e+00  0.000000e+00  1.000000e+00
   outer loop
     vertex -8.803107e+00 -8.874419e+00  3.000000e+00
     vertex -1.187936e+01 -3.889840e+00  3.000000e+00
     vertex -1.168216e+01 -4.447162e+00  3.000000e+00
   endloop
 endfacet
 facet normal  0.000000e+00  0.000000e+00  1.000000e+00
   outer loop
     vertex -8.803107e+00 -8.874419e+00  3.000000e+00
     vertex -1.168216e+01 -4.447162e+00  3.000000e+00
     vertex -1.145882e+01 -4.994537e+00  3.000000e+00
   endloop
 endfacet
 facet normal  0.000000e+00  0.000000e+00  1.000000e+00
   outer loop
     vertex -8.803107e+00 -8.874419e+00  3.000000e+00
     vertex -1.145882e+01 -4.994537e+00  3.000000e+00
     vertex -1.120986e+01 -5.530740e+00  3.000000e+00
   endloop
 endfacet
 facet normal  0.000000e+00  0.000000e+00  1.000000e+00
   outer loop
     vertex -8.803107e+00 -8.874419e+00  3.000000e+00
     vertex -1.120986e+01 -5.530740e+00  3.000000e+00
     vertex -1.093582e+01 -6.054572e+00  3.000000e+00
   endloop
 endfacet
 facet normal  0.000000e+00  0.000000e+00  1.000000e+00
   outer loop
     vertex -8.803107e+00 -8.874419e+00  3.000000e+00
     vertex -1.093582e+01 -6.054572e+00  3.000000e+00
     vertex -1.063732e+01 -6.564862e+00  3.000000e+00
   endloop
 endfacet
 facet normal  0.000000e+00  0.000000e+00  1.000000e+00
   outer loop
     vertex -8.803107e+00 -8.874419e+00  3.000000e+00
     vertex -1.063732e+01 -6.564862e+00  3.000000e+00
     vertex -1.031503e+01 -7.060467e+00  3.000000e+00
   endloop
 endfacet
 facet normal  0.000000e+00  0.000000e+00  1.000000e+00
   outer loop
     vertex -8.803107e+00 -8.874419e+00  3.000000e+00
     vertex -1.031503e+01 -7.060467e+00  3.000000e+00
     vertex -9.969663e+00 -7.540279e+00  3.000000e+00
   endloop
 endfacet
 facet normal  0.000000e+00  0.000000e+00  1.000000e+00
   outer loop
     vertex -8.803107e+00 -8.874419e+00  3.000000e+00
     vertex -9.969663e+00 -7.540279e+00  3.000000e+00
     vertex -9.212856e+00 -8.448271e+00  3.000000e+00
   endloop
 endfacet
 facet normal  0.000000e+00  0.000000e+00  1.000000e+00
   outer loop
     vertex -9.212856e+00 -8.448271e+00  3.000000e+00
     vertex -9.969663e+00 -7.540279e+00  3.000000e+00
     vertex -9.601999e+00 -8.003226e+00  3.000000e+00
   endloop
 endfacet
 facet normal -3.940293e-02  2.370289e-02  9.989422e-01
   outer loop
     vertex -8.132864e+00  9.492446e+00  3.006343e+00
     vertex -8.478715e+00  9.184846e+00  3.000000e+00
     vertex -1.208703e+01  3.186505e+00  3.000000e+00
   endloop
 endfacet
 facet normal -3.940294e-02  2.370289e-02  9.989422e-01
   outer loop
     vertex -8.132864e+00  9.492446e+00  3.006343e+00
     vertex -1.208703e+01  3.186505e+00  3.000000e+00
     vertex -1.219671e+01  2.736837e+00  3.006343e+00
   endloop
 endfacet
 facet normal -1.182254e-01  7.111864e-02  9.904367e-01
   outer loop
     vertex -7.812233e+00  9.758023e+00  3.025546e+00
     vertex -1.219671e+01  2.736837e+00  3.006343e+00
     vertex -1.228109e+01  2.329142e+00  3.025546e+00
   endloop
 endfacet
 facet normal -1.182254e-01  7.111863e-02  9.904367e-01
   outer loop
     vertex -7.812233e+00  9.758023e+00  3.025546e+00
     vertex -8.132864e+00  9.492446e+00  3.006343e+00
     vertex -1.219671e+01  2.736837e+00  3.006343e+00
   endloop
 endfacet
 facet normal -1.923021e-01  1.156796e-01  9.744938e-01
   outer loop
     vertex -7.545829e+00  9.965463e+00  3.053492e+00
     vertex -1.228109e+01  2.329142e+00  3.025546e+00
     vertex -1.233951e+01  1.996593e+00  3.053492e+00
   endloop
 endfacet
 facet normal -1.923021e-01  1.156796e-01  9.744938e-01
   outer loop
     vertex -7.545829e+00  9.965463e+00  3.053492e+00
     vertex -7.812233e+00  9.758023e+00  3.025546e+00
     vertex -1.228109e+01  2.329142e+00  3.025546e+00
   endloop
 endfacet
 facet normal -2.602400e-01  1.565478e-01  9.527686e-01
   outer loop
     vertex -7.301636e+00  1.014574e+01  3.090570e+00
     vertex -1.233951e+01  1.996593e+00  3.053492e+00
     vertex -1.238436e+01  1.696392e+00  3.090570e+00
   endloop
 endfacet
 facet normal -2.602400e-01  1.565478e-01  9.527686e-01
   outer loop
     vertex -7.301636e+00  1.014574e+01  3.090570e+00
     vertex -7.545829e+00  9.965463e+00  3.053492e+00
     vertex -1.233951e+01  1.996593e+00  3.053492e+00
   endloop
 endfacet
 facet normal -3.248937e-01  1.954402e-01  9.253363e-01
   outer loop
     vertex -7.079350e+00  1.030208e+01  3.135597e+00
     vertex -1.238436e+01  1.696392e+00  3.090570e+00
     vertex -1.241831e+01  1.426766e+00  3.135597e+00
   endloop
 endfacet
 facet normal -3.248937e-01  1.954402e-01  9.253363e-01
   outer loop
     vertex -7.079350e+00  1.030208e+01  3.135597e+00
     vertex -7.301636e+00  1.014574e+01  3.090570e+00
     vertex -1.238436e+01  1.696392e+00  3.090570e+00
   endloop
 endfacet
 facet normal -3.825496e-01  2.301232e-01  8.948179e-01
   outer loop
     vertex -6.898573e+00  1.042400e+01  3.181528e+00
     vertex -1.241831e+01  1.426766e+00  3.135597e+00
     vertex -1.244130e+01  1.209934e+00  3.181528e+00
   endloop
 endfacet
 facet normal -3.825496e-01  2.301232e-01  8.948179e-01
   outer loop
     vertex -6.898573e+00  1.042400e+01  3.181528e+00
     vertex -7.079350e+00  1.030208e+01  3.135597e+00
     vertex -1.241831e+01  1.426766e+00  3.135597e+00
   endloop
 endfacet
 facet normal -4.330322e-01  2.604912e-01  8.629180e-01
   outer loop
     vertex -6.736243e+00  1.052963e+01  3.231102e+00
     vertex -1.244130e+01  1.209934e+00  3.181528e+00
     vertex -1.245856e+01  1.017033e+00  3.231102e+00
   endloop
 endfacet
 facet normal -4.330322e-01  2.604911e-01  8.629180e-01
   outer loop
     vertex -6.736243e+00  1.052963e+01  3.231102e+00
     vertex -6.898573e+00  1.042400e+01  3.181528e+00
     vertex -1.244130e+01  1.209934e+00  3.181528e+00
   endloop
 endfacet
 facet normal -4.792761e-01  2.883092e-01  8.289585e-01
   outer loop
     vertex -6.591067e+00  1.062110e+01  3.283223e+00
     vertex -1.245856e+01  1.017033e+00  3.231102e+00
     vertex -1.247134e+01  8.459163e-01  3.283223e+00
   endloop
 endfacet
 facet normal -4.792761e-01  2.883092e-01  8.289585e-01
   outer loop
     vertex -6.591067e+00  1.062110e+01  3.283223e+00
     vertex -6.736243e+00  1.052963e+01  3.231102e+00
     vertex -1.245856e+01  1.017033e+00  3.231102e+00
   endloop
 endfacet
 facet normal -5.213593e-01  3.136244e-01  7.936147e-01
   outer loop
     vertex -6.461575e+00  1.070038e+01  3.336964e+00
     vertex -6.591067e+00  1.062110e+01  3.283223e+00
     vertex -1.247134e+01  8.459163e-01  3.283223e+00
   endloop
 endfacet
 facet normal -5.213593e-01  3.136244e-01  7.936147e-01
   outer loop
     vertex -6.461575e+00  1.070038e+01  3.336964e+00
     vertex -1.247134e+01  8.459163e-01  3.283223e+00
     vertex -1.248070e+01  6.943758e-01  3.336964e+00
   endloop
 endfacet
 facet normal -5.594122e-01  3.365152e-01  7.575061e-01
   outer loop
     vertex -6.346612e+00  1.076896e+01  3.391395e+00
     vertex -6.461575e+00  1.070038e+01  3.336964e+00
     vertex -1.248070e+01  6.943758e-01  3.336964e+00
   endloop
 endfacet
 facet normal -5.594122e-01  3.365152e-01  7.575061e-01
   outer loop
     vertex -6.346612e+00  1.076896e+01  3.391395e+00
     vertex -1.248070e+01  6.943758e-01  3.336964e+00
     vertex -1.248742e+01  5.606776e-01  3.391395e+00
   endloop
 endfacet
 facet normal -5.935865e-01  3.570728e-01  7.212171e-01
   outer loop
     vertex -6.245003e+00  1.082820e+01  3.445693e+00
     vertex -6.346612e+00  1.076896e+01  3.391395e+00
     vertex -1.248742e+01  5.606776e-01  3.391395e+00
   endloop
 endfacet
 facet normal -5.935865e-01  3.570728e-01  7.212171e-01
   outer loop
     vertex -6.245003e+00  1.082820e+01  3.445693e+00
     vertex -1.248742e+01  5.606776e-01  3.391395e+00
     vertex -1.249214e+01  4.431546e-01  3.445693e+00
   endloop
 endfacet
 facet normal -6.240873e-01  3.754206e-01  6.852550e-01
   outer loop
     vertex -6.155563e+00  1.087929e+01  3.499158e+00
     vertex -6.245003e+00  1.082820e+01  3.445693e+00
     vertex -1.249214e+01  4.431546e-01  3.445693e+00
   endloop
 endfacet
 facet normal -6.240873e-01  3.754206e-01  6.852550e-01
   outer loop
     vertex -6.155563e+00  1.087929e+01  3.499158e+00
     vertex -1.249214e+01  4.431546e-01  3.445693e+00
     vertex -1.249537e+01  3.402005e-01  3.499158e+00
   endloop
 endfacet
 facet normal -6.465899e-01  3.889570e-01  6.562271e-01
   outer loop
     vertex -6.104604e+00  1.090797e+01  3.532372e+00
     vertex -6.155563e+00  1.087929e+01  3.499158e+00
     vertex -1.249537e+01  3.402005e-01  3.499158e+00
   endloop
 endfacet
 facet normal -6.465899e-01  3.889570e-01  6.562271e-01
   outer loop
     vertex -6.104604e+00  1.090797e+01  3.532372e+00
     vertex -1.249537e+01  3.402005e-01  3.499158e+00
     vertex -1.249682e+01  2.817448e-01  3.532372e+00
   endloop
 endfacet
 facet normal -6.629912e-01  3.988233e-01  6.335477e-01
   outer loop
     vertex -6.104604e+00  1.090797e+01  3.532372e+00
     vertex -1.249682e+01  2.817448e-01  3.532372e+00
     vertex -1.249798e+01  2.244965e-01  3.567197e+00
   endloop
 endfacet
 facet normal -6.629912e-01  3.988233e-01  6.335477e-01
   outer loop
     vertex -6.054572e+00  1.093582e+01  3.567197e+00
     vertex -6.104604e+00  1.090797e+01  3.532372e+00
     vertex -1.249798e+01  2.244965e-01  3.567197e+00
   endloop
 endfacet
 facet normal -6.789218e-01  4.084064e-01  6.101389e-01
   outer loop
     vertex -6.054572e+00  1.093582e+01  3.567197e+00
     vertex -1.249798e+01  2.244965e-01  3.567197e+00
     vertex -1.246652e+01  2.239313e-01  3.602589e+00
   endloop
 endfacet
 facet normal -6.789218e-01  4.084064e-01  6.101389e-01
   outer loop
     vertex -6.039329e+00  1.090829e+01  3.602589e+00
     vertex -6.054572e+00  1.093582e+01  3.567197e+00
     vertex -1.246652e+01  2.239313e-01  3.602589e+00
   endloop
 endfacet
 facet normal -6.941890e-01  4.175904e-01  5.862763e-01
   outer loop
     vertex -6.039329e+00  1.090829e+01  3.602589e+00
     vertex -1.246652e+01  2.239313e-01  3.602589e+00
     vertex -1.243628e+01  2.233881e-01  3.638777e+00
   endloop
 endfacet
 facet normal -6.941890e-01  4.175904e-01  5.862763e-01
   outer loop
     vertex -6.024681e+00  1.088183e+01  3.638777e+00
     vertex -6.039329e+00  1.090829e+01  3.602589e+00
     vertex -1.243628e+01  2.233881e-01  3.638777e+00
   endloop
 endfacet
 facet normal -7.114756e-01  4.279891e-01  5.573399e-01
   outer loop
     vertex -6.024681e+00  1.088183e+01  3.638777e+00
     vertex -1.243628e+01  2.233881e-01  3.638777e+00
     vertex -1.239693e+01  2.226813e-01  3.689551e+00
   endloop
 endfacet
 facet normal -7.114756e-01  4.279891e-01  5.573399e-01
   outer loop
     vertex -6.005619e+00  1.084740e+01  3.689551e+00
     vertex -6.024681e+00  1.088183e+01  3.638777e+00
     vertex -1.239693e+01  2.226813e-01  3.689551e+00
   endloop
 endfacet
 facet normal -7.303506e-01  4.393435e-01  5.230347e-01
   outer loop
     vertex -6.005619e+00  1.084740e+01  3.689551e+00
     vertex -1.239693e+01  2.226813e-01  3.689551e+00
     vertex -1.236001e+01  2.220180e-01  3.741671e+00
   endloop
 endfacet
 facet normal -7.303506e-01  4.393435e-01  5.230347e-01
   outer loop
     vertex -5.987730e+00  1.081509e+01  3.741671e+00
     vertex -6.005619e+00  1.084740e+01  3.689551e+00
     vertex -1.236001e+01  2.220180e-01  3.741671e+00
   endloop
 endfacet
 facet normal -7.480118e-01  4.499676e-01  4.878601e-01
   outer loop
     vertex -5.987730e+00  1.081509e+01  3.741671e+00
     vertex -1.236001e+01  2.220180e-01  3.741671e+00
     vertex -1.232556e+01  2.213993e-01  3.795052e+00
   endloop
 endfacet
 facet normal -7.480118e-01  4.499676e-01  4.878601e-01
   outer loop
     vertex -5.971044e+00  1.078495e+01  3.795052e+00
     vertex -5.987730e+00  1.081509e+01  3.741671e+00
     vertex -1.232556e+01  2.213993e-01  3.795052e+00
   endloop
 endfacet
 facet normal -7.644298e-01  4.598438e-01  4.518747e-01
   outer loop
     vertex -5.971044e+00  1.078495e+01  3.795052e+00
     vertex -1.232556e+01  2.213993e-01  3.795052e+00
     vertex -1.229366e+01  2.208263e-01  3.849605e+00
   endloop
 endfacet
 facet normal -7.644298e-01  4.598438e-01  4.518747e-01
   outer loop
     vertex -5.955589e+00  1.075704e+01  3.849605e+00
     vertex -5.971044e+00  1.078495e+01  3.795052e+00
     vertex -1.229366e+01  2.208263e-01  3.849605e+00
   endloop
 endfacet
 facet normal -7.795772e-01  4.689558e-01  4.151383e-01
   outer loop
     vertex -5.955589e+00  1.075704e+01  3.849605e+00
     vertex -1.229366e+01  2.208263e-01  3.849605e+00
     vertex -1.226435e+01  2.202998e-01  3.905239e+00
   endloop
 endfacet
 facet normal -7.795772e-01  4.689558e-01  4.151383e-01
   outer loop
     vertex -5.941390e+00  1.073139e+01  3.905239e+00
     vertex -5.955589e+00  1.075704e+01  3.849605e+00
     vertex -1.226435e+01  2.202998e-01  3.905239e+00
   endloop
 endfacet
 facet normal -7.934290e-01  4.772883e-01  3.777119e-01
   outer loop
     vertex -5.941390e+00  1.073139e+01  3.905239e+00
     vertex -1.226435e+01  2.202998e-01  3.905239e+00
     vertex -1.223768e+01  2.198208e-01  3.961861e+00
   endloop
 endfacet
 facet normal -7.934290e-01  4.772883e-01  3.777119e-01
   outer loop
     vertex -5.928472e+00  1.070806e+01  3.961861e+00
     vertex -5.941390e+00  1.073139e+01  3.905239e+00
     vertex -1.223768e+01  2.198208e-01  3.961861e+00
   endloop
 endfacet
 facet normal -8.059621e-01  4.848276e-01  3.396577e-01
   outer loop
     vertex -5.928472e+00  1.070806e+01  3.961861e+00
     vertex -1.223768e+01  2.198208e-01  3.961861e+00
     vertex -1.221370e+01  2.193901e-01  4.019378e+00
   endloop
 endfacet
 facet normal -8.171556e-01  4.915611e-01  3.010390e-01
   outer loop
     vertex -5.916855e+00  1.068707e+01  4.019378e+00
     vertex -1.221370e+01  2.193901e-01  4.019378e+00
     vertex -1.219245e+01  2.190083e-01  4.077693e+00
   endloop
 endfacet
 facet normal -8.059621e-01  4.848276e-01  3.396577e-01
   outer loop
     vertex -5.916855e+00  1.068707e+01  4.019378e+00
     vertex -5.928472e+00  1.070806e+01  3.961861e+00
     vertex -1.221370e+01  2.193901e-01  4.019378e+00
   endloop
 endfacet
 facet normal -8.171556e-01  4.915611e-01  3.010390e-01
   outer loop
     vertex -5.906558e+00  1.066848e+01  4.077693e+00
     vertex -5.916855e+00  1.068707e+01  4.019378e+00
     vertex -1.219245e+01  2.190083e-01  4.077693e+00
   endloop
 endfacet
 facet normal -8.269909e-01  4.974776e-01  2.619200e-01
   outer loop
     vertex -5.897600e+00  1.065230e+01  4.136710e+00
     vertex -1.219245e+01  2.190083e-01  4.077693e+00
     vertex -1.217396e+01  2.186761e-01  4.136710e+00
   endloop
 endfacet
 facet normal -8.269909e-01  4.974776e-01  2.619200e-01
   outer loop
     vertex -5.897600e+00  1.065230e+01  4.136710e+00
     vertex -5.906558e+00  1.066848e+01  4.077693e+00
     vertex -1.219245e+01  2.190083e-01  4.077693e+00
   endloop
 endfacet
 facet normal -8.354518e-01  5.025672e-01  2.223656e-01
   outer loop
     vertex -5.889995e+00  1.063856e+01  4.196331e+00
     vertex -1.217396e+01  2.186761e-01  4.136710e+00
     vertex -1.215826e+01  2.183941e-01  4.196331e+00
   endloop
 endfacet
 facet normal -8.354518e-01  5.025672e-01  2.223656e-01
   outer loop
     vertex -5.889995e+00  1.063856e+01  4.196331e+00
     vertex -5.897600e+00  1.065230e+01  4.136710e+00
     vertex -1.217396e+01  2.186761e-01  4.136710e+00
   endloop
 endfacet
 facet normal -8.425241e-01  5.068216e-01  1.824416e-01
   outer loop
     vertex -5.883755e+00  1.062729e+01  4.256457e+00
     vertex -1.215826e+01  2.183941e-01  4.196331e+00
     vertex -1.214538e+01  2.181628e-01  4.256457e+00
   endloop
 endfacet
 facet normal -8.425241e-01  5.068216e-01  1.824416e-01
   outer loop
     vertex -5.883755e+00  1.062729e+01  4.256457e+00
     vertex -5.889995e+00  1.063856e+01  4.196331e+00
     vertex -1.215826e+01  2.183941e-01  4.196331e+00
   endloop
 endfacet
 facet normal -8.481962e-01  5.102336e-01  1.422145e-01
   outer loop
     vertex -5.878891e+00  1.061850e+01  4.316988e+00
     vertex -1.214538e+01  2.181628e-01  4.256457e+00
     vertex -1.213534e+01  2.179824e-01  4.316988e+00
   endloop
 endfacet
 facet normal -8.481962e-01  5.102336e-01  1.422145e-01
   outer loop
     vertex -5.878891e+00  1.061850e+01  4.316988e+00
     vertex -5.883755e+00  1.062729e+01  4.256457e+00
     vertex -1.214538e+01  2.181628e-01  4.256457e+00
   endloop
 endfacet
 facet normal -8.524584e-01  5.127976e-01  1.017509e-01
   outer loop
     vertex -5.875411e+00  1.061222e+01  4.377823e+00
     vertex -1.213534e+01  2.179824e-01  4.316988e+00
     vertex -1.212815e+01  2.178534e-01  4.377823e+00
   endloop
 endfacet
 facet normal -8.524584e-01  5.127976e-01  1.017509e-01
   outer loop
     vertex -5.875411e+00  1.061222e+01  4.377823e+00
     vertex -5.878891e+00  1.061850e+01  4.316988e+00
     vertex -1.213534e+01  2.179824e-01  4.316988e+00
   endloop
 endfacet
 facet normal -8.553039e-01  5.145093e-01  6.111829e-02
   outer loop
     vertex -5.873320e+00  1.060844e+01  4.438861e+00
     vertex -1.212815e+01  2.178534e-01  4.377823e+00
     vertex -1.212384e+01  2.177759e-01  4.438861e+00
   endloop
 endfacet
 facet normal -8.553039e-01  5.145093e-01  6.111829e-02
   outer loop
     vertex -5.873320e+00  1.060844e+01  4.438861e+00
     vertex -5.875411e+00  1.061222e+01  4.377823e+00
     vertex -1.212815e+01  2.178534e-01  4.377823e+00
   endloop
 endfacet
 facet normal -8.567278e-01  5.153658e-01  2.038406e-02
   outer loop
     vertex -5.872623e+00  1.060718e+01  4.500000e+00
     vertex -1.212384e+01  2.177759e-01  4.438861e+00
     vertex -1.212240e+01  2.177500e-01  4.500000e+00
   endloop
 endfacet
 facet normal -8.567278e-01  5.153658e-01  2.038406e-02
   outer loop
     vertex -5.872623e+00  1.060718e+01  4.500000e+00
     vertex -5.873320e+00  1.060844e+01  4.438861e+00
     vertex -1.212384e+01  2.177759e-01  4.438861e+00
   endloop
 endfacet
 facet normal  0.000000e+00  0.000000e+00  1.000000e+00
   outer loop
     vertex -1.208703e+01  3.186505e+00  3.000000e+00
     vertex -8.478715e+00  9.184846e+00  3.000000e+00
     vertex -1.192285e+01  3.754432e+00  3.000000e+00
   endloop
 endfacet
 facet normal  0.000000e+00  0.000000e+00  1.000000e+00
   outer loop
     vertex -1.192285e+01  3.754432e+00  3.000000e+00
     vertex -8.478715e+00  9.184846e+00  3.000000e+00
     vertex -1.173200e+01  4.313962e+00  3.000000e+00
   endloop
 endfacet
 facet normal  0.000000e+00  0.000000e+00  1.000000e+00
   outer loop
     vertex -1.173200e+01  4.313962e+00  3.000000e+00
     vertex -8.478715e+00  9.184846e+00  3.000000e+00
     vertex -1.151491e+01  4.863842e+00  3.000000e+00
   endloop
 endfacet
 facet normal  0.000000e+00  0.000000e+00  1.000000e+00
   outer loop
     vertex -1.151491e+01  4.863842e+00  3.000000e+00
     vertex -8.478715e+00  9.184846e+00  3.000000e+00
     vertex -1.127206e+01  5.402843e+00  3.000000e+00
   endloop
 endfacet
 facet normal  0.000000e+00  0.000000e+00  1.000000e+00
   outer loop
     vertex -1.127206e+01  5.402843e+00  3.000000e+00
     vertex -8.478715e+00  9.184846e+00  3.000000e+00
     vertex -1.100400e+01  5.929759e+00  3.000000e+00
   endloop
 endfacet
 facet normal  0.000000e+00  0.000000e+00  1.000000e+00
   outer loop
     vertex -1.100400e+01  5.929759e+00  3.000000e+00
     vertex -8.478715e+00  9.184846e+00  3.000000e+00
     vertex -1.071132e+01  6.443412e+00  3.000000e+00
   endloop
 endfacet
 facet normal  0.000000e+00  0.000000e+00  1.000000e+00
   outer loop
     vertex -1.071132e+01  6.443412e+00  3.000000e+00
     vertex -8.478715e+00  9.184846e+00  3.000000e+00
     vertex -1.039469e+01  6.942652e+00  3.000000e+00
   endloop
 endfacet
 facet normal  0.000000e+00  0.000000e+00  1.000000e+00
   outer loop
     vertex -1.039469e+01  6.942652e+00  3.000000e+00
     vertex -8.478715e+00  9.184846e+00  3.000000e+00
     vertex -1.005481e+01  7.426362e+00  3.000000e+00
   endloop
 endfacet
 facet normal  0.000000e+00  0.000000e+00  1.000000e+00
   outer loop
     vertex -1.005481e+01  7.426362e+00  3.000000e+00
     vertex -8.478715e+00  9.184846e+00  3.000000e+00
     vertex -9.692433e+00  7.893462e+00  3.000000e+00
   endloop
 endfacet
 facet normal  0.000000e+00  0.000000e+00  1.000000e+00
   outer loop
     vertex -9.692433e+00  7.893462e+00  3.000000e+00
     vertex -8.478715e+00  9.184846e+00  3.000000e+00
     vertex -9.308379e+00  8.342906e+00  3.000000e+00
   endloop
 endfacet
 facet normal  0.000000e+00  0.000000e+00  1.000000e+00
   outer loop
     vertex -9.308379e+00  8.342906e+00  3.000000e+00
     vertex -8.478715e+00  9.184846e+00  3.000000e+00
     vertex -8.903505e+00  8.773688e+00  3.000000e+00
   endloop
 endfacet
 facet normal  8.260348e-04  4.598633e-02  9.989417e-01
   outer loop
     vertex  4.154365e+00  1.178946e+01  3.006346e+00
     vertex  3.714952e+00  1.193521e+01  3.000000e+00
     vertex -3.283919e+00  1.206092e+01  3.000000e+00
   endloop
 endfacet
 facet normal  8.260348e-04  4.598634e-02  9.989417e-01
   outer loop
     vertex  4.154365e+00  1.178946e+01  3.006346e+00
     vertex -3.283919e+00  1.206092e+01  3.000000e+00
     vertex -3.728283e+00  1.193105e+01  3.006346e+00
   endloop
 endfacet
 facet normal  2.478062e-03  1.379566e-01  9.904352e-01
   outer loop
     vertex  4.544582e+00  1.164460e+01  3.025546e+00
     vertex -3.728283e+00  1.193105e+01  3.006346e+00
     vertex -4.123450e+00  1.180030e+01  3.025546e+00
   endloop
 endfacet
 facet normal  2.478062e-03  1.379566e-01  9.904352e-01
   outer loop
     vertex  4.544582e+00  1.164460e+01  3.025546e+00
     vertex  4.154365e+00  1.178946e+01  3.006346e+00
     vertex -3.728283e+00  1.193105e+01  3.006346e+00
   endloop
 endfacet
 facet normal  4.030168e-03  2.243642e-01  9.744970e-01
   outer loop
     vertex  4.857324e+00  1.151766e+01  3.053481e+00
     vertex -4.123450e+00  1.180030e+01  3.025546e+00
     vertex -4.440549e+00  1.168467e+01  3.053481e+00
   endloop
 endfacet
 facet normal  4.030168e-03  2.243642e-01  9.744970e-01
   outer loop
     vertex  4.857324e+00  1.151766e+01  3.053481e+00
     vertex  4.544582e+00  1.164460e+01  3.025546e+00
     vertex -4.123450e+00  1.180030e+01  3.025546e+00
   endloop
 endfacet
 facet normal  5.453585e-03  3.036075e-01  9.527816e-01
   outer loop
     vertex  5.135471e+00  1.139636e+01  3.090541e+00
     vertex -4.440549e+00  1.168467e+01  3.053481e+00
     vertex -4.722874e+00  1.157344e+01  3.090541e+00
   endloop
 endfacet
 facet normal  5.453585e-03  3.036075e-01  9.527816e-01
   outer loop
     vertex  5.135471e+00  1.139636e+01  3.090541e+00
     vertex  4.857324e+00  1.151766e+01  3.053481e+00
     vertex -4.440549e+00  1.168467e+01  3.053481e+00
   endloop
 endfacet
 facet normal  6.808319e-03  3.790271e-01  9.253605e-01
   outer loop
     vertex  5.381972e+00  1.128204e+01  3.135552e+00
     vertex -4.722874e+00  1.157344e+01  3.090541e+00
     vertex -4.973321e+00  1.146805e+01  3.135552e+00
   endloop
 endfacet
 facet normal  6.808318e-03  3.790271e-01  9.253605e-01
   outer loop
     vertex  5.381972e+00  1.128204e+01  3.135552e+00
     vertex  5.135471e+00  1.139636e+01  3.090541e+00
     vertex -4.722874e+00  1.157344e+01  3.090541e+00
   endloop
 endfacet
 facet normal  8.016607e-03  4.462940e-01  8.948505e-01
   outer loop
     vertex  5.577955e+00  1.118644e+01  3.181475e+00
     vertex -4.973321e+00  1.146805e+01  3.135552e+00
     vertex -5.172611e+00  1.137955e+01  3.181475e+00
   endloop
 endfacet
 facet normal  8.016606e-03  4.462940e-01  8.948505e-01
   outer loop
     vertex  5.577955e+00  1.118644e+01  3.181475e+00
     vertex  5.381972e+00  1.128204e+01  3.135552e+00
     vertex -4.973321e+00  1.146805e+01  3.135552e+00
   endloop
 endfacet
 facet normal  9.074747e-03  5.052019e-01  8.629535e-01
   outer loop
     vertex  5.750634e+00  1.109866e+01  3.231049e+00
     vertex -5.172611e+00  1.137955e+01  3.181475e+00
     vertex -5.348331e+00  1.129802e+01  3.231049e+00
   endloop
 endfacet
 facet normal  9.074746e-03  5.052019e-01  8.629535e-01
   outer loop
     vertex  5.750634e+00  1.109866e+01  3.231049e+00
     vertex  5.577955e+00  1.118644e+01  3.181475e+00
     vertex -5.172611e+00  1.137955e+01  3.181475e+00
   endloop
 endfacet
 facet normal  1.004410e-02  5.591669e-01  8.289943e-01
   outer loop
     vertex  5.902468e+00  1.101866e+01  3.283169e+00
     vertex -5.348331e+00  1.129802e+01  3.231049e+00
     vertex -5.502940e+00  1.122353e+01  3.283169e+00
   endloop
 endfacet
 facet normal  1.004410e-02  5.591669e-01  8.289943e-01
   outer loop
     vertex  5.902468e+00  1.101866e+01  3.283169e+00
     vertex  5.750634e+00  1.109866e+01  3.231049e+00
     vertex -5.348331e+00  1.129802e+01  3.231049e+00
   endloop
 endfacet
 facet normal  1.092625e-02  6.082773e-01  7.936494e-01
   outer loop
     vertex  6.035895e+00  1.094614e+01  3.336914e+00
     vertex  5.902468e+00  1.101866e+01  3.283169e+00
     vertex -5.502940e+00  1.122353e+01  3.283169e+00
   endloop
 endfacet
 facet normal  1.092625e-02  6.082773e-01  7.936494e-01
   outer loop
     vertex  6.035895e+00  1.094614e+01  3.336914e+00
     vertex -5.502940e+00  1.122353e+01  3.283169e+00
     vertex -5.638886e+00  1.115585e+01  3.336914e+00
   endloop
 endfacet
 facet normal  1.172398e-02  6.526876e-01  7.575364e-01
   outer loop
     vertex  6.152805e+00  1.088085e+01  3.391354e+00
     vertex  6.035895e+00  1.094614e+01  3.336914e+00
     vertex -5.638886e+00  1.115585e+01  3.336914e+00
   endloop
 endfacet
 facet normal  1.172398e-02  6.526876e-01  7.575364e-01
   outer loop
     vertex  6.152805e+00  1.088085e+01  3.391354e+00
     vertex -5.638886e+00  1.115585e+01  3.336914e+00
     vertex -5.758065e+00  1.109480e+01  3.391354e+00
   endloop
 endfacet
 facet normal  1.244042e-02  6.925728e-01  7.212407e-01
   outer loop
     vertex  6.254944e+00  1.082246e+01  3.445664e+00
     vertex  6.152805e+00  1.088085e+01  3.391354e+00
     vertex -5.758065e+00  1.109480e+01  3.391354e+00
   endloop
 endfacet
 facet normal  1.244042e-02  6.925728e-01  7.212407e-01
   outer loop
     vertex  6.254944e+00  1.082246e+01  3.445664e+00
     vertex -5.758065e+00  1.109480e+01  3.391354e+00
     vertex -5.862235e+00  1.104012e+01  3.445664e+00
   endloop
 endfacet
 facet normal  1.307986e-02  7.281711e-01  6.852706e-01
   outer loop
     vertex  6.343937e+00  1.077054e+01  3.499141e+00
     vertex  6.254944e+00  1.082246e+01  3.445664e+00
     vertex -5.862235e+00  1.104012e+01  3.445664e+00
   endloop
 endfacet
 facet normal  1.307986e-02  7.281711e-01  6.852706e-01
   outer loop
     vertex  6.343937e+00  1.077054e+01  3.499141e+00
     vertex -5.862235e+00  1.104012e+01  3.445664e+00
     vertex -5.953035e+00  1.099142e+01  3.499141e+00
   endloop
 endfacet
 facet normal  1.355161e-02  7.544343e-01  6.562357e-01
   outer loop
     vertex  6.394265e+00  1.074073e+01  3.532364e+00
     vertex  6.343937e+00  1.077054e+01  3.499141e+00
     vertex -5.953035e+00  1.099142e+01  3.499141e+00
   endloop
 endfacet
 facet normal  1.355161e-02  7.544343e-01  6.562357e-01
   outer loop
     vertex  6.394265e+00  1.074073e+01  3.532364e+00
     vertex -5.953035e+00  1.099142e+01  3.499141e+00
     vertex -6.004401e+00  1.096345e+01  3.532364e+00
   endloop
 endfacet
 facet normal  1.389546e-02  7.735764e-01  6.335506e-01
   outer loop
     vertex  6.394265e+00  1.074073e+01  3.532364e+00
     vertex -6.004401e+00  1.096345e+01  3.532364e+00
     vertex -6.054572e+00  1.093582e+01  3.567197e+00
   endloop
 endfacet
 facet normal  1.389546e-02  7.735764e-01  6.335506e-01
   outer loop
     vertex  6.443412e+00  1.071132e+01  3.567197e+00
     vertex  6.394265e+00  1.074073e+01  3.532364e+00
     vertex -6.054572e+00  1.093582e+01  3.567197e+00
   endloop
 endfacet
 facet normal  1.422939e-02  7.921667e-01  6.101389e-01
   outer loop
     vertex  6.443412e+00  1.071132e+01  3.567197e+00
     vertex -6.054572e+00  1.093582e+01  3.567197e+00
     vertex -6.039329e+00  1.090829e+01  3.602589e+00
   endloop
 endfacet
 facet normal  1.422939e-02  7.921667e-01  6.101389e-01
   outer loop
     vertex  6.427189e+00  1.068436e+01  3.602589e+00
     vertex  6.443412e+00  1.071132e+01  3.567197e+00
     vertex -6.039329e+00  1.090829e+01  3.602589e+00
   endloop
 endfacet
 facet normal  1.454937e-02  8.099805e-01  5.862763e-01
   outer loop
     vertex  6.427189e+00  1.068436e+01  3.602589e+00
     vertex -6.039329e+00  1.090829e+01  3.602589e+00
     vertex -6.024681e+00  1.088183e+01  3.638777e+00
   endloop
 endfacet
 facet normal  1.454937e-02  8.099805e-01  5.862763e-01
   outer loop
     vertex  6.411601e+00  1.065844e+01  3.638777e+00
     vertex  6.427189e+00  1.068436e+01  3.602589e+00
     vertex -6.024681e+00  1.088183e+01  3.638777e+00
   endloop
 endfacet
 facet normal  1.491167e-02  8.301505e-01  5.573399e-01
   outer loop
     vertex  6.411601e+00  1.065844e+01  3.638777e+00
     vertex -6.024681e+00  1.088183e+01  3.638777e+00
     vertex -6.005619e+00  1.084740e+01  3.689551e+00
   endloop
 endfacet
 facet normal  1.491167e-02  8.301505e-01  5.573399e-01
   outer loop
     vertex  6.391314e+00  1.062472e+01  3.689551e+00
     vertex  6.411601e+00  1.065844e+01  3.638777e+00
     vertex -6.005619e+00  1.084740e+01  3.689551e+00
   endloop
 endfacet
 facet normal  1.530727e-02  8.521739e-01  5.230347e-01
   outer loop
     vertex  6.391314e+00  1.062472e+01  3.689551e+00
     vertex -6.005619e+00  1.084740e+01  3.689551e+00
     vertex -5.987730e+00  1.081509e+01  3.741671e+00
   endloop
 endfacet
 facet normal  1.530727e-02  8.521739e-01  5.230347e-01
   outer loop
     vertex  6.372276e+00  1.059307e+01  3.741671e+00
     vertex  6.391314e+00  1.062472e+01  3.689551e+00
     vertex -5.987730e+00  1.081509e+01  3.741671e+00
   endloop
 endfacet
 facet normal  1.567743e-02  8.727810e-01  4.878601e-01
   outer loop
     vertex  6.372276e+00  1.059307e+01  3.741671e+00
     vertex -5.987730e+00  1.081509e+01  3.741671e+00
     vertex -5.971044e+00  1.078495e+01  3.795052e+00
   endloop
 endfacet
 facet normal  1.567743e-02  8.727810e-01  4.878601e-01
   outer loop
     vertex  6.354519e+00  1.056355e+01  3.795052e+00
     vertex  6.372276e+00  1.059307e+01  3.741671e+00
     vertex -5.971044e+00  1.078495e+01  3.795052e+00
   endloop
 endfacet
 facet normal  1.602153e-02  8.919375e-01  4.518747e-01
   outer loop
     vertex  6.354519e+00  1.056355e+01  3.795052e+00
     vertex -5.971044e+00  1.078495e+01  3.795052e+00
     vertex -5.955589e+00  1.075704e+01  3.849605e+00
   endloop
 endfacet
 facet normal  1.602153e-02  8.919375e-01  4.518747e-01
   outer loop
     vertex  6.338071e+00  1.053621e+01  3.849605e+00
     vertex  6.354519e+00  1.056355e+01  3.795052e+00
     vertex -5.955589e+00  1.075704e+01  3.849605e+00
   endloop
 endfacet
 facet normal  1.633900e-02  9.096116e-01  4.151383e-01
   outer loop
     vertex  6.338071e+00  1.053621e+01  3.849605e+00
     vertex -5.955589e+00  1.075704e+01  3.849605e+00
     vertex -5.941390e+00  1.073139e+01  3.905239e+00
   endloop
 endfacet
 facet normal  1.633900e-02  9.096116e-01  4.151383e-01
   outer loop
     vertex  6.322961e+00  1.051109e+01  3.905239e+00
     vertex  6.338071e+00  1.053621e+01  3.849605e+00
     vertex -5.941390e+00  1.073139e+01  3.905239e+00
   endloop
 endfacet
 facet normal  1.662932e-02  9.257738e-01  3.777119e-01
   outer loop
     vertex  6.322961e+00  1.051109e+01  3.905239e+00
     vertex -5.941390e+00  1.073139e+01  3.905239e+00
     vertex -5.928472e+00  1.070806e+01  3.961861e+00
   endloop
 endfacet
 facet normal  1.662932e-02  9.257738e-01  3.777119e-01
   outer loop
     vertex  6.309212e+00  1.048823e+01  3.961861e+00
     vertex  6.322961e+00  1.051109e+01  3.905239e+00
     vertex -5.928472e+00  1.070806e+01  3.961861e+00
   endloop
 endfacet
 facet normal  1.689200e-02  9.403974e-01  3.396577e-01
   outer loop
     vertex  6.309212e+00  1.048823e+01  3.961861e+00
     vertex -5.928472e+00  1.070806e+01  3.961861e+00
     vertex -5.916855e+00  1.068707e+01  4.019378e+00
   endloop
 endfacet
 facet normal  1.712660e-02  9.534580e-01  3.010390e-01
   outer loop
     vertex  6.296849e+00  1.046768e+01  4.019378e+00
     vertex -5.916855e+00  1.068707e+01  4.019378e+00
     vertex -5.906558e+00  1.066848e+01  4.077693e+00
   endloop
 endfacet
 facet normal  1.689200e-02  9.403974e-01  3.396577e-01
   outer loop
     vertex  6.296849e+00  1.046768e+01  4.019378e+00
     vertex  6.309212e+00  1.048823e+01  3.961861e+00
     vertex -5.916855e+00  1.068707e+01  4.019378e+00
   endloop
 endfacet
 facet normal  1.733274e-02  9.649339e-01  2.619200e-01
   outer loop
     vertex  6.285892e+00  1.044947e+01  4.077693e+00
     vertex -5.906558e+00  1.066848e+01  4.077693e+00
     vertex -5.897600e+00  1.065230e+01  4.136710e+00
   endloop
 endfacet
 facet normal  1.712660e-02  9.534580e-01  3.010390e-01
   outer loop
     vertex  6.285892e+00  1.044947e+01  4.077693e+00
     vertex  6.296849e+00  1.046768e+01  4.019378e+00
     vertex -5.906558e+00  1.066848e+01  4.077693e+00
   endloop
 endfacet
 facet normal  1.751007e-02  9.748061e-01  2.223656e-01
   outer loop
     vertex  6.276358e+00  1.043362e+01  4.136710e+00
     vertex -5.897600e+00  1.065230e+01  4.136710e+00
     vertex -5.889995e+00  1.063856e+01  4.196331e+00
   endloop
 endfacet
 facet normal  1.733274e-02  9.649339e-01  2.619200e-01
   outer loop
     vertex  6.276358e+00  1.043362e+01  4.136710e+00
     vertex  6.285892e+00  1.044947e+01  4.077693e+00
     vertex -5.897600e+00  1.065230e+01  4.136710e+00
   endloop
 endfacet
 facet normal  1.765829e-02  9.830581e-01  1.824416e-01
   outer loop
     vertex  6.268264e+00  1.042016e+01  4.196331e+00
     vertex -5.889995e+00  1.063856e+01  4.196331e+00
     vertex -5.883755e+00  1.062729e+01  4.256457e+00
   endloop
 endfacet
 facet normal  1.751007e-02  9.748061e-01  2.223656e-01
   outer loop
     vertex  6.268264e+00  1.042016e+01  4.196331e+00
     vertex  6.276358e+00  1.043362e+01  4.136710e+00
     vertex -5.889995e+00  1.063856e+01  4.196331e+00
   endloop
 endfacet
 facet normal  1.765829e-02  9.830581e-01  1.824416e-01
   outer loop
     vertex  6.261624e+00  1.040912e+01  4.256457e+00
     vertex  6.268264e+00  1.042016e+01  4.196331e+00
     vertex -5.883755e+00  1.062729e+01  4.256457e+00
   endloop
 endfacet
 facet normal  1.777717e-02  9.896762e-01  1.422145e-01
   outer loop
     vertex  6.256447e+00  1.040052e+01  4.316988e+00
     vertex -5.883755e+00  1.062729e+01  4.256457e+00
     vertex -5.878891e+00  1.061850e+01  4.316988e+00
   endloop
 endfacet
 facet normal  1.777717e-02  9.896762e-01  1.422145e-01
   outer loop
     vertex  6.256447e+00  1.040052e+01  4.316988e+00
     vertex  6.261624e+00  1.040912e+01  4.256457e+00
     vertex -5.883755e+00  1.062729e+01  4.256457e+00
   endloop
 endfacet
 facet normal  1.792614e-02  9.979695e-01  6.111829e-02
   outer loop
     vertex  6.252744e+00  1.039436e+01  4.377823e+00
     vertex -5.875411e+00  1.061222e+01  4.377823e+00
     vertex -5.873320e+00  1.060844e+01  4.438861e+00
   endloop
 endfacet
 facet normal  1.786650e-02  9.946495e-01  1.017509e-01
   outer loop
     vertex  6.252744e+00  1.039436e+01  4.377823e+00
     vertex -5.878891e+00  1.061850e+01  4.316988e+00
     vertex -5.875411e+00  1.061222e+01  4.377823e+00
   endloop
 endfacet
 facet normal  1.786650e-02  9.946495e-01  1.017509e-01
   outer loop
     vertex  6.252744e+00  1.039436e+01  4.377823e+00
     vertex  6.256447e+00  1.040052e+01  4.316988e+00
     vertex -5.878891e+00  1.061850e+01  4.316988e+00
   endloop
 endfacet
 facet normal  1.792614e-02  9.979695e-01  6.111829e-02
   outer loop
     vertex  6.250519e+00  1.039066e+01  4.438861e+00
     vertex  6.252744e+00  1.039436e+01  4.377823e+00
     vertex -5.873320e+00  1.060844e+01  4.438861e+00
   endloop
 endfacet
 facet normal  1.795599e-02  9.996310e-01  2.038406e-02
   outer loop
     vertex  6.249777e+00  1.038943e+01  4.500000e+00
     vertex -5.873320e+00  1.060844e+01  4.438861e+00
     vertex -5.872623e+00  1.060718e+01  4.500000e+00
   endloop
 endfacet
 facet normal  1.795599e-02  9.996310e-01  2.038406e-02
   outer loop
     vertex  6.249777e+00  1.038943e+01  4.500000e+00
     vertex  6.250519e+00  1.039066e+01  4.438861e+00
     vertex -5.873320e+00  1.060844e+01  4.438861e+00
   endloop
 endfacet
 facet normal  0.000000e+00  0.000000e+00  1.000000e+00
   outer loop
     vertex -2.129998e+00  1.231719e+01  3.000000e+00
     vertex -2.709989e+00  1.220270e+01  3.000000e+00
     vertex -3.283919e+00  1.206092e+01  3.000000e+00
   endloop
 endfacet
 facet normal  0.000000e+00  0.000000e+00  1.000000e+00
   outer loop
     vertex -1.545242e+00  1.240412e+01  3.000000e+00
     vertex -2.129998e+00  1.231719e+01  3.000000e+00
     vertex -3.283919e+00  1.206092e+01  3.000000e+00
   endloop
 endfacet
 facet normal  0.000000e+00  0.000000e+00  1.000000e+00
   outer loop
     vertex -3.666766e-01  1.249462e+01  3.000000e+00
     vertex -9.570295e-01  1.246331e+01  3.000000e+00
     vertex -1.545242e+00  1.240412e+01  3.000000e+00
   endloop
 endfacet
 facet normal  0.000000e+00  0.000000e+00  1.000000e+00
   outer loop
     vertex -3.666766e-01  1.249462e+01  3.000000e+00
     vertex -1.545242e+00  1.240412e+01  3.000000e+00
     vertex -3.283919e+00  1.206092e+01  3.000000e+00
   endloop
 endfacet
 facet normal  0.000000e+00  0.000000e+00  1.000000e+00
   outer loop
     vertex  2.244965e-01  1.249798e+01  3.000000e+00
     vertex -3.666766e-01  1.249462e+01  3.000000e+00
     vertex -3.283919e+00  1.206092e+01  3.000000e+00
   endloop
 endfacet
 facet normal  0.000000e+00  0.000000e+00  1.000000e+00
   outer loop
     vertex  1.404015e+00  1.242090e+01  3.000000e+00
     vertex  8.151674e-01  1.247339e+01  3.000000e+00
     vertex  2.244965e-01  1.249798e+01  3.000000e+00
   endloop
 endfacet
 facet normal  0.000000e+00  0.000000e+00  1.000000e+00
   outer loop
     vertex  1.404015e+00  1.242090e+01  3.000000e+00
     vertex  2.244965e-01  1.249798e+01  3.000000e+00
     vertex -3.283919e+00  1.206092e+01  3.000000e+00
   endloop
 endfacet
 facet normal  0.000000e+00  0.000000e+00  1.000000e+00
   outer loop
     vertex  2.570979e+00  1.223275e+01  3.000000e+00
     vertex  1.989722e+00  1.234062e+01  3.000000e+00
     vertex  1.404015e+00  1.242090e+01  3.000000e+00
   endloop
 endfacet
 facet normal  0.000000e+00  0.000000e+00  1.000000e+00
   outer loop
     vertex  2.570979e+00  1.223275e+01  3.000000e+00
     vertex  1.404015e+00  1.242090e+01  3.000000e+00
     vertex -3.283919e+00  1.206092e+01  3.000000e+00
   endloop
 endfacet
 facet normal  0.000000e+00  0.000000e+00  1.000000e+00
   outer loop
     vertex  3.146484e+00  1.209751e+01  3.000000e+00
     vertex  2.570979e+00  1.223275e+01  3.000000e+00
     vertex -3.283919e+00  1.206092e+01  3.000000e+00
   endloop
 endfacet
 facet normal  0.000000e+00  0.000000e+00  1.000000e+00
   outer loop
     vertex  3.714952e+00  1.193521e+01  3.000000e+00
     vertex  3.146484e+00  1.209751e+01  3.000000e+00
     vertex -3.283919e+00  1.206092e+01  3.000000e+00
   endloop
 endfacet
 facet normal  8.569059e-01 -5.154729e-01  0.000000e+00
   outer loop
     vertex  1.212240e+01 -2.177500e-01  1.300000e+01
     vertex  5.872623e+00 -1.060718e+01  1.300000e+01
     vertex  5.872623e+00 -1.060718e+01  4.500000e+00
   endloop
 endfacet
 facet normal  8.569059e-01 -5.154729e-01 -4.429772e-16
   outer loop
     vertex  1.212240e+01 -2.177500e-01  4.500000e+00
     vertex  1.212240e+01 -2.177500e-01  1.300000e+01
     vertex  5.872623e+00 -1.060718e+01  4.500000e+00
   endloop
 endfacet
 facet normal  8.748656e-01  4.843658e-01 -6.894656e-16
   outer loop
     vertex  6.249777e+00  1.038943e+01  4.500000e+00
     vertex  1.212240e+01 -2.177500e-01  1.300000e+01
     vertex  1.212240e+01 -2.177500e-01  4.500000e+00
   endloop
 endfacet
 facet normal  8.748656e-01  4.843658e-01 -9.141609e-17
   outer loop
     vertex  6.249777e+00  1.038943e+01  4.500000e+00
     vertex  6.249777e+00  1.038943e+01  1.300000e+01
     vertex  1.212240e+01 -2.177500e-01  1.300000e+01
   endloop
 endfacet
 facet normal -1.795972e-02 -9.998387e-01 -8.618320e-18
   outer loop
     vertex  5.872623e+00 -1.060718e+01  1.300000e+01
     vertex -6.249777e+00 -1.038943e+01  1.300000e+01
     vertex -6.249777e+00 -1.038943e+01  4.500000e+00
   endloop
 endfacet
 facet normal -1.795972e-02 -9.998387e-01 -2.127027e-16
   outer loop
     vertex  5.872623e+00 -1.060718e+01  4.500000e+00
     vertex  5.872623e+00 -1.060718e+01  1.300000e+01
     vertex -6.249777e+00 -1.038943e+01  4.500000e+00
   endloop
 endfacet
 facet normal -8.748656e-01 -4.843658e-01  3.447328e-16
   outer loop
     vertex -6.249777e+00 -1.038943e+01  1.300000e+01
     vertex -1.212240e+01  2.177500e-01  1.300000e+01
     vertex -1.212240e+01  2.177500e-01  4.500000e+00
   endloop
 endfacet
 facet normal -8.748656e-01 -4.843658e-01 -3.656643e-16
   outer loop
     vertex -6.249777e+00 -1.038943e+01  4.500000e+00
     vertex -6.249777e+00 -1.038943e+01  1.300000e+01
     vertex -1.212240e+01  2.177500e-01  4.500000e+00
   endloop
 endfacet
 facet normal -8.569059e-01  5.154729e-01  1.378931e-16
   outer loop
     vertex -1.212240e+01  2.177500e-01  1.300000e+01
     vertex -5.872623e+00  1.060718e+01  1.300000e+01
     vertex -5.872623e+00  1.060718e+01  4.500000e+00
   endloop
 endfacet
 facet normal -8.569059e-01  5.154729e-01 -3.029770e-16
   outer loop
     vertex -1.212240e+01  2.177500e-01  4.500000e+00
     vertex -1.212240e+01  2.177500e-01  1.300000e+01
     vertex -5.872623e+00  1.060718e+01  4.500000e+00
   endloop
 endfacet
 facet normal  1.795972e-02  9.998387e-01  0.000000e+00
   outer loop
     vertex -5.872623e+00  1.060718e+01  1.300000e+01
     vertex  6.249777e+00  1.038943e+01  1.300000e+01
     vertex  6.249777e+00  1.038943e+01  4.500000e+00
   endloop
 endfacet
 facet normal  1.795972e-02  9.998387e-01 -8.451810e-16
   outer loop
     vertex -5.872623e+00  1.060718e+01  4.500000e+00
     vertex -5.872623e+00  1.060718e+01  1.300000e+01
     vertex  6.249777e+00  1.038943e+01  4.500000e+00
   endloop
 endfacet
 facet normal  0.000000e+00  0.000000e+00  1.000000e+00
   outer loop
     vertex  6.249777e+00  1.038943e+01  1.300000e+01
     vertex -5.872623e+00  1.060718e+01  1.300000e+01
     vertex -1.212240e+01  2.177500e-01  1.300000e+01
   endloop
 endfacet
 facet normal  0.000000e+00  0.000000e+00  1.000000e+00
   outer loop
     vertex  6.249777e+00  1.038943e+01  1.300000e+01
     vertex -1.212240e+01  2.177500e-01  1.300000e+01
     vertex -6.249777e+00 -1.038943e+01  1.300000e+01
   endloop
 endfacet
 facet normal  0.000000e+00  0.000000e+00  1.000000e+00
   outer loop
     vertex  6.249777e+00  1.038943e+01  1.300000e+01
     vertex -6.249777e+00 -1.038943e+01  1.300000e+01
     vertex  5.872623e+00 -1.060718e+01  1.300000e+01
   endloop
 endfacet
 facet normal  0.000000e+00  0.000000e+00  1.000000e+00
   outer loop
     vertex  6.249777e+00  1.038943e+01  1.300000e+01
     vertex  5.872623e+00 -1.060718e+01  1.300000e+01
     vertex  1.212240e+01 -2.177500e-01  1.300000e+01
   endloop
 endfacet
 facet normal  9.997256e-01  2.340388e-02 -9.702542e-04
   outer loop
     vertex  1.250000e+01 -3.061617e-15  0.000000e+00
     vertex  1.249458e+01  3.681529e-01  3.293010e+00
     vertex  1.249796e+01  2.257234e-01  3.344640e+00
   endloop
 endfacet
 facet normal  9.999105e-01  1.337445e-02 -2.932741e-04
   outer loop
     vertex  1.250000e+01 -3.061617e-15  0.000000e+00
     vertex  1.249796e+01  2.257234e-01  3.344640e+00
     vertex  1.249950e+01  1.116424e-01  3.391484e+00
   endloop
 endfacet
 facet normal  9.999900e-01  4.465691e-03 -0.000000e+00
   outer loop
     vertex  1.250000e+01 -3.061617e-15  0.000000e+00
     vertex  1.249950e+01  1.116424e-01  3.391484e+00
     vertex  1.250000e+01 -3.061617e-15  3.442872e+00
   endloop
 endfacet
 facet normal  9.976216e-01  6.892669e-02 -5.578979e-04
   outer loop
     vertex  1.248446e+01  6.230736e-01  0.000000e+00
     vertex  1.246178e+01  9.767989e-01  3.136179e+00
     vertex  1.247752e+01  7.492510e-01  3.184607e+00
   endloop
 endfacet
 facet normal  9.986529e-01  5.188793e-02  1.194415e-04
   outer loop
     vertex  1.248446e+01  6.230736e-01  0.000000e+00
     vertex  1.247752e+01  7.492510e-01  3.184607e+00
     vertex  1.248802e+01  5.471286e-01  3.237278e+00
   endloop
 endfacet
 facet normal  9.993323e-01  3.653713e-02 -2.414275e-04
   outer loop
     vertex  1.248446e+01  6.230736e-01  0.000000e+00
     vertex  1.248802e+01  5.471286e-01  3.237278e+00
     vertex  1.249458e+01  3.681529e-01  3.293010e+00
   endloop
 endfacet
 facet normal  9.996885e-01  2.493068e-02 -1.141009e-03
   outer loop
     vertex  1.248446e+01  6.230736e-01  0.000000e+00
     vertex  1.249458e+01  3.681529e-01  3.293010e+00
     vertex  1.250000e+01 -3.061617e-15  0.000000e+00
   endloop
 endfacet
 facet normal  9.939036e-01  1.102524e-01  7.526555e-05
   outer loop
     vertex  1.243788e+01  1.244598e+00  0.000000e+00
     vertex  1.240585e+01  1.531332e+00  3.055661e+00
     vertex  1.243988e+01  1.224532e+00  3.094375e+00
   endloop
 endfacet
 facet normal  9.961164e-01  8.804584e-02 -7.015940e-05
   outer loop
     vertex  1.243788e+01  1.244598e+00  0.000000e+00
     vertex  1.243988e+01  1.224532e+00  3.094375e+00
     vertex  1.246178e+01  9.767989e-01  3.136179e+00
   endloop
 endfacet
 facet normal  9.972031e-01  7.473004e-02 -1.215477e-03
   outer loop
     vertex  1.243788e+01  1.244598e+00  0.000000e+00
     vertex  1.246178e+01  9.767989e-01  3.136179e+00
     vertex  1.248446e+01  6.230736e-01  0.000000e+00
   endloop
 endfacet
 facet normal  9.860492e-01  1.664541e-01 -4.950085e-05
   outer loop
     vertex  1.236039e+01  1.863028e+00  0.000000e+00
     vertex  1.228859e+01  2.289214e+00  3.006577e+00
     vertex  1.235909e+01  1.871598e+00  3.026540e+00
   endloop
 endfacet
 facet normal  9.906905e-01  1.361333e-01  3.834236e-05
   outer loop
     vertex  1.236039e+01  1.863028e+00  0.000000e+00
     vertex  1.235909e+01  1.871598e+00  3.026540e+00
     vertex  1.240585e+01  1.531332e+00  3.055661e+00
   endloop
 endfacet
 facet normal  9.922384e-01  1.243436e-01 -1.264473e-03
   outer loop
     vertex  1.236039e+01  1.863028e+00  0.000000e+00
     vertex  1.240585e+01  1.531332e+00  3.055661e+00
     vertex  1.243788e+01  1.244598e+00  0.000000e+00
   endloop
 endfacet
 facet normal  9.794618e-01  2.016284e-01  7.118580e-04
   outer loop
     vertex  1.225216e+01  2.476827e+00  0.000000e+00
     vertex  1.219367e+01  2.750360e+00  3.000000e+00
     vertex  1.228859e+01  2.289214e+00  3.006577e+00
   endloop
 endfacet
 facet normal  9.848072e-01  1.736481e-01 -1.098916e-03
   outer loop
     vertex  1.225216e+01  2.476827e+00  0.000000e+00
     vertex  1.228859e+01  2.289214e+00  3.006577e+00
     vertex  1.236039e+01  1.863028e+00  0.000000e+00
   endloop
 endfacet
 facet normal  9.749271e-01  2.225208e-01 -1.281469e-03
   outer loop
     vertex  1.211347e+01  3.084467e+00  0.000000e+00
     vertex  1.219367e+01  2.750360e+00  3.000000e+00
     vertex  1.225216e+01  2.476827e+00  0.000000e+00
   endloop
 endfacet
 facet normal  9.700169e-01  2.430349e-01  1.134444e-03
   outer loop
     vertex  1.211347e+01  3.084467e+00  0.000000e+00
     vertex  1.204999e+01  3.323817e+00  3.000000e+00
     vertex  1.219367e+01  2.750360e+00  3.000000e+00
   endloop
 endfacet
 facet normal  9.626235e-01  2.708403e-01 -1.240396e-03
   outer loop
     vertex  1.194466e+01  3.684440e+00  0.000000e+00
     vertex  1.204999e+01  3.323817e+00  3.000000e+00
     vertex  1.211347e+01  3.084467e+00  0.000000e+00
   endloop
 endfacet
 facet normal  9.574411e-01  2.886268e-01  1.079638e-03
   outer loop
     vertex  1.194466e+01  3.684440e+00  0.000000e+00
     vertex  1.187936e+01  3.889840e+00  3.000000e+00
     vertex  1.204999e+01  3.323817e+00  3.000000e+00
   endloop
 endfacet
 facet normal  9.479267e-01  3.184864e-01 -1.171857e-03
   outer loop
     vertex  1.174616e+01  4.275252e+00  0.000000e+00
     vertex  1.187936e+01  3.889840e+00  3.000000e+00
     vertex  1.194466e+01  3.684440e+00  0.000000e+00
   endloop
 endfacet
 facet normal  9.427237e-01  3.335732e-01  9.973647e-04
   outer loop
     vertex  1.174616e+01  4.275252e+00  0.000000e+00
     vertex  1.168216e+01  4.447162e+00  3.000000e+00
     vertex  1.187936e+01  3.889840e+00  3.000000e+00
   endloop
 endfacet
 facet normal  9.308732e-01  3.653408e-01 -1.075851e-03
   outer loop
     vertex  1.151845e+01  4.855435e+00  0.000000e+00
     vertex  1.168216e+01  4.447162e+00  3.000000e+00
     vertex  1.174616e+01  4.275252e+00  0.000000e+00
   endloop
 endfacet
 facet normal  9.258976e-01  3.777735e-01  8.876253e-04
   outer loop
     vertex  1.151845e+01  4.855435e+00  0.000000e+00
     vertex  1.145882e+01  4.994537e+00  3.000000e+00
     vertex  1.168216e+01  4.447162e+00  3.000000e+00
   endloop
 endfacet
 facet normal  9.115054e-01  4.112869e-01 -9.523782e-04
   outer loop
     vertex  1.126211e+01  5.423547e+00  0.000000e+00
     vertex  1.145882e+01  4.994537e+00  3.000000e+00
     vertex  1.151845e+01  4.855435e+00  0.000000e+00
   endloop
 endfacet
 facet normal  9.070006e-01  4.211287e-01  7.504201e-04
   outer loop
     vertex  1.126211e+01  5.423547e+00  0.000000e+00
     vertex  1.120986e+01  5.530740e+00  3.000000e+00
     vertex  1.145882e+01  4.994537e+00  3.000000e+00
   endloop
 endfacet
 facet normal  8.898715e-01  4.562105e-01 -8.014405e-04
   outer loop
     vertex  1.097777e+01  5.978175e+00  0.000000e+00
     vertex  1.120986e+01  5.530740e+00  3.000000e+00
     vertex  1.126211e+01  5.423547e+00  0.000000e+00
   endloop
 endfacet
 facet normal  8.860747e-01  4.635420e-01  5.857501e-04
   outer loop
     vertex  1.097777e+01  5.978175e+00  0.000000e+00
     vertex  1.093582e+01  6.054572e+00  3.000000e+00
     vertex  1.120986e+01  5.530740e+00  3.000000e+00
   endloop
 endfacet
 facet normal  8.660252e-01  4.999999e-01 -6.230385e-04
   outer loop
     vertex  1.066614e+01  6.517940e+00  0.000000e+00
     vertex  1.093582e+01  6.054572e+00  3.000000e+00
     vertex  1.097777e+01  5.978175e+00  0.000000e+00
   endloop
 endfacet
 facet normal  8.631669e-01  5.049185e-01  3.936163e-04
   outer loop
     vertex  1.066614e+01  6.517940e+00  0.000000e+00
     vertex  1.063732e+01  6.564862e+00  3.000000e+00
     vertex  1.093582e+01  6.054572e+00  3.000000e+00
   endloop
 endfacet
 facet normal  8.400259e-01  5.425462e-01 -4.171733e-04
   outer loop
     vertex  1.032798e+01  7.041501e+00  0.000000e+00
     vertex  1.063732e+01  6.564862e+00  3.000000e+00
     vertex  1.066614e+01  6.517940e+00  0.000000e+00
   endloop
 endfacet
 facet normal  8.383284e-01  5.451656e-01  1.740199e-04
   outer loop
     vertex  1.032798e+01  7.041501e+00  0.000000e+00
     vertex  1.031503e+01  7.060467e+00  3.000000e+00
     vertex  1.063732e+01  6.564862e+00  3.000000e+00
   endloop
 endfacet
 facet normal  8.119380e-01  5.837437e-01 -1.838462e-04
   outer loop
     vertex  9.964156e+00  7.547555e+00  0.000000e+00
     vertex  1.031503e+01  7.060467e+00  3.000000e+00
     vertex  1.032798e+01  7.041501e+00  0.000000e+00
   endloop
 endfacet
 facet normal  8.116146e-01  5.841932e-01 -7.303748e-05
   outer loop
     vertex  9.964156e+00  7.547555e+00  0.000000e+00
     vertex  9.969663e+00  7.540279e+00  3.000000e+00
     vertex  1.031503e+01  7.060467e+00  3.000000e+00
   endloop
 endfacet
 facet normal  7.830855e-01  6.219141e-01  7.081766e-05
   outer loop
     vertex  9.964156e+00  7.547555e+00  0.000000e+00
     vertex  9.601999e+00  8.003226e+00  3.000000e+00
     vertex  9.969663e+00  7.540279e+00  3.000000e+00
   endloop
 endfacet
 facet normal  7.818314e-01  6.234898e-01 -3.198938e-04
   outer loop
     vertex  9.575556e+00  8.034845e+00  0.000000e+00
     vertex  9.601999e+00  8.003226e+00  3.000000e+00
     vertex  9.964156e+00  7.547555e+00  0.000000e+00
   endloop
 endfacet
 facet normal  7.528047e-01  6.582439e-01  3.022597e-04
   outer loop
     vertex  9.575556e+00  8.034845e+00  0.000000e+00
     vertex  9.212856e+00  8.448271e+00  3.000000e+00
     vertex  9.601999e+00  8.003226e+00  3.000000e+00
   endloop
 endfacet
 facet normal  7.497811e-01  6.616857e-01 -5.376051e-04
   outer loop
     vertex  9.163148e+00  8.502159e+00  0.000000e+00
     vertex  9.212856e+00  8.448271e+00  3.000000e+00
     vertex  9.575556e+00  8.034845e+00  0.000000e+00
   endloop
 endfacet
 facet normal  7.208400e-01  6.931013e-01  5.062399e-04
   outer loop
     vertex  9.163148e+00  8.502159e+00  0.000000e+00
     vertex  8.803107e+00  8.874419e+00  3.000000e+00
     vertex  9.212856e+00  8.448271e+00  3.000000e+00
   endloop
 endfacet
 facet normal  7.158667e-01  6.982366e-01 -7.278537e-04
   outer loop
     vertex  8.727960e+00  8.948336e+00  0.000000e+00
     vertex  8.803107e+00  8.874419e+00  3.000000e+00
     vertex  9.163148e+00  8.502159e+00  0.000000e+00
   endloop
 endfacet
 facet normal  6.909892e-01  7.228649e-01  5.021130e-04
   outer loop
     vertex  8.727960e+00  8.948336e+00  0.000000e+00
     vertex  8.468539e+00  9.194229e+00  3.006343e+00
     vertex  8.803107e+00  8.874419e+00  3.000000e+00
   endloop
 endfacet
 facet normal  6.651586e-01  7.467019e-01  5.300804e-04
   outer loop
     vertex  8.271073e+00  9.372265e+00  0.000000e+00
     vertex  8.157667e+00  9.471139e+00  3.025544e+00
     vertex  8.468539e+00  9.194229e+00  3.006343e+00
   endloop
 endfacet
 facet normal  6.801722e-01  7.330513e-01 -1.264451e-03
   outer loop
     vertex  8.271073e+00  9.372265e+00  0.000000e+00
     vertex  8.468539e+00  9.194229e+00  3.006343e+00
     vertex  8.727960e+00  8.948336e+00  0.000000e+00
   endloop
 endfacet
 facet normal  6.427873e-01  7.660441e-01 -9.405590e-04
   outer loop
     vertex  7.793623e+00  9.772894e+00  0.000000e+00
     vertex  8.157667e+00  9.471139e+00  3.025544e+00
     vertex  8.271073e+00  9.372265e+00  0.000000e+00
   endloop
 endfacet
 facet normal  6.422679e-01  7.664798e-01 -8.346129e-04
   outer loop
     vertex  7.793623e+00  9.772894e+00  0.000000e+00
     vertex  7.898896e+00  9.688005e+00  3.053487e+00
     vertex  8.157667e+00  9.471139e+00  3.025544e+00
   endloop
 endfacet
 facet normal  6.224839e-01  7.826326e-01  2.965299e-04
   outer loop
     vertex  7.793623e+00  9.772894e+00  0.000000e+00
     vertex  7.661345e+00  9.876932e+00  3.090561e+00
     vertex  7.898896e+00  9.688005e+00  3.053487e+00
   endloop
 endfacet
 facet normal  5.154348e-01  8.568422e-01 -1.218301e-02
   outer loop
     vertex  6.394265e+00  1.074073e+01  3.532364e+00
     vertex  6.492418e+00  1.068169e+01  3.532367e+00
     vertex  6.542322e+00  1.065120e+01  3.499148e+00
   endloop
 endfacet
 facet normal  5.154692e-01  8.568998e-01 -3.767632e-03
   outer loop
     vertex  6.394265e+00  1.074073e+01  3.532364e+00
     vertex  6.443412e+00  1.071132e+01  3.567197e+00
     vertex  6.492418e+00  1.068169e+01  3.532367e+00
   endloop
 endfacet
 facet normal  5.154346e-01  8.568423e-01 -1.218453e-02
   outer loop
     vertex  6.343937e+00  1.077054e+01  3.499141e+00
     vertex  6.394265e+00  1.074073e+01  3.532364e+00
     vertex  6.542322e+00  1.065120e+01  3.499148e+00
   endloop
 endfacet
 facet normal  6.041431e-01  7.968751e-01 -1.053706e-03
   outer loop
     vertex  7.296796e+00  1.014923e+01  0.000000e+00
     vertex  7.444827e+00  1.004114e+01  3.135583e+00
     vertex  7.661345e+00  9.876932e+00  3.090561e+00
   endloop
 endfacet
 facet normal  5.885712e-01  8.084454e-01  8.026737e-05
   outer loop
     vertex  7.296796e+00  1.014923e+01  0.000000e+00
     vertex  7.268552e+00  1.016947e+01  3.181509e+00
     vertex  7.444827e+00  1.004114e+01  3.135583e+00
   endloop
 endfacet
 facet normal  5.751435e-01  8.180526e-01 -1.000772e-04
   outer loop
     vertex  7.296796e+00  1.014923e+01  0.000000e+00
     vertex  7.110127e+00  1.028086e+01  3.231078e+00
     vertex  7.268552e+00  1.016947e+01  3.181509e+00
   endloop
 endfacet
 facet normal  6.038041e-01  7.971321e-01 -9.910760e-04
   outer loop
     vertex  7.296796e+00  1.014923e+01  0.000000e+00
     vertex  7.661345e+00  9.876932e+00  3.090561e+00
     vertex  7.793623e+00  9.772894e+00  0.000000e+00
   endloop
 endfacet
 facet normal  5.628867e-01  8.265334e-01 -1.052622e-03
   outer loop
     vertex  6.781828e+00  1.050032e+01  0.000000e+00
     vertex  6.968329e+00  1.037749e+01  3.283195e+00
     vertex  7.110127e+00  1.028086e+01  3.231078e+00
   endloop
 endfacet
 facet normal  5.523578e-01  8.336071e-01 -1.898943e-04
   outer loop
     vertex  6.781828e+00  1.050032e+01  0.000000e+00
     vertex  6.841757e+00  1.046137e+01  3.336936e+00
     vertex  6.968329e+00  1.037749e+01  3.283195e+00
   endloop
 endfacet
 facet normal  5.428690e-01  8.398174e-01  5.300539e-05
   outer loop
     vertex  6.781828e+00  1.050032e+01  0.000000e+00
     vertex  6.729316e+00  1.053405e+01  3.391372e+00
     vertex  6.841757e+00  1.046137e+01  3.336936e+00
   endloop
 endfacet
 facet normal  5.343215e-01  8.452813e-01 -1.336900e-04
   outer loop
     vertex  6.781828e+00  1.050032e+01  0.000000e+00
     vertex  6.629884e+00  1.059692e+01  3.445676e+00
     vertex  6.729316e+00  1.053405e+01  3.391372e+00
   endloop
 endfacet
 facet normal  5.633197e-01  8.262383e-01 -1.116660e-03
   outer loop
     vertex  6.781828e+00  1.050032e+01  0.000000e+00
     vertex  7.110127e+00  1.028086e+01  3.231078e+00
     vertex  7.296796e+00  1.014923e+01  0.000000e+00
   endloop
 endfacet
 facet normal  4.778979e-01  8.784146e-01 -1.142222e-03
   outer loop
     vertex  6.250000e+00  1.082532e+01  0.000000e+00
     vertex  5.902468e+00  1.101866e+01  3.283169e+00
     vertex  6.035895e+00  1.094614e+01  3.336914e+00
   endloop
 endfacet
 facet normal  4.876684e-01  8.730289e-01 -3.203154e-04
   outer loop
     vertex  6.250000e+00  1.082532e+01  0.000000e+00
     vertex  6.035895e+00  1.094614e+01  3.336914e+00
     vertex  6.152805e+00  1.088085e+01  3.391354e+00
   endloop
 endfacet
 facet normal  4.963127e-01  8.681438e-01  7.423115e-06
   outer loop
     vertex  6.250000e+00  1.082532e+01  0.000000e+00
     vertex  6.152805e+00  1.088085e+01  3.391354e+00
     vertex  6.254944e+00  1.082246e+01  3.445664e+00
   endloop
 endfacet
 facet normal  5.039630e-01  8.637252e-01 -7.215256e-06
   outer loop
     vertex  6.250000e+00  1.082532e+01  0.000000e+00
     vertex  6.254944e+00  1.082246e+01  3.445664e+00
     vertex  6.343937e+00  1.077054e+01  3.499141e+00
   endloop
 endfacet
 facet normal  5.261675e-01  8.503794e-01 -1.641198e-03
   outer loop
     vertex  6.250000e+00  1.082532e+01  0.000000e+00
     vertex  6.542322e+00  1.065120e+01  3.499148e+00
     vertex  6.629884e+00  1.059692e+01  3.445676e+00
   endloop
 endfacet
 facet normal  5.154725e-01  8.569060e-01 -4.229520e-04
   outer loop
     vertex  6.250000e+00  1.082532e+01  0.000000e+00
     vertex  6.343937e+00  1.077054e+01  3.499141e+00
     vertex  6.542322e+00  1.065120e+01  3.499148e+00
   endloop
 endfacet
 facet normal  5.214350e-01  8.532905e-01 -9.264704e-04
   outer loop
     vertex  6.250000e+00  1.082532e+01  0.000000e+00
     vertex  6.629884e+00  1.059692e+01  3.445676e+00
     vertex  6.781828e+00  1.050032e+01  0.000000e+00
   endloop
 endfacet
 facet normal  4.385316e-01  8.987156e-01 -6.226557e-04
   outer loop
     vertex  5.702633e+00  1.112340e+01  0.000000e+00
     vertex  5.381972e+00  1.128204e+01  3.135552e+00
     vertex  5.577955e+00  1.118644e+01  3.181475e+00
   endloop
 endfacet
 facet normal  4.531358e-01  8.914415e-01  9.380144e-05
   outer loop
     vertex  5.702633e+00  1.112340e+01  0.000000e+00
     vertex  5.577955e+00  1.118644e+01  3.181475e+00
     vertex  5.750634e+00  1.109866e+01  3.231049e+00
   endloop
 endfacet
 facet normal  4.661760e-01  8.846920e-01 -1.516068e-04
   outer loop
     vertex  5.702633e+00  1.112340e+01  0.000000e+00
     vertex  5.750634e+00  1.109866e+01  3.231049e+00
     vertex  5.902468e+00  1.101866e+01  3.283169e+00
   endloop
 endfacet
 facet normal  4.782537e-01  8.782210e-01 -1.093163e-03
   outer loop
     vertex  5.702633e+00  1.112340e+01  0.000000e+00
     vertex  5.902468e+00  1.101866e+01  3.283169e+00
     vertex  6.250000e+00  1.082532e+01  0.000000e+00
   endloop
 endfacet
 facet normal  3.997440e-01  9.166268e-01 -2.468770e-05
   outer loop
     vertex  5.141089e+00  1.139382e+01  0.000000e+00
     vertex  4.857324e+00  1.151766e+01  3.053481e+00
     vertex  5.135471e+00  1.139636e+01  3.090541e+00
   endloop
 endfacet
 facet normal  4.207194e-01  9.071908e-01  2.117180e-05
   outer loop
     vertex  5.141089e+00  1.139382e+01  0.000000e+00
     vertex  5.135471e+00  1.139636e+01  3.090541e+00
     vertex  5.381972e+00  1.128204e+01  3.135552e+00
   endloop
 endfacet
 facet normal  4.338834e-01  9.009682e-01 -1.211972e-03
   outer loop
     vertex  5.141089e+00  1.139382e+01  0.000000e+00
     vertex  5.381972e+00  1.128204e+01  3.135552e+00
     vertex  5.702633e+00  1.112340e+01  0.000000e+00
   endloop
 endfacet
 facet normal  3.480121e-01  9.374900e-01 -1.385236e-04
   outer loop
     vertex  4.566763e+00  1.163592e+01  0.000000e+00
     vertex  4.154365e+00  1.178946e+01  3.006346e+00
     vertex  4.544582e+00  1.164460e+01  3.025546e+00
   endloop
 endfacet
 facet normal  3.761029e-01  9.265779e-01  9.872364e-05
   outer loop
     vertex  4.566763e+00  1.163592e+01  0.000000e+00
     vertex  4.544582e+00  1.164460e+01  3.025546e+00
     vertex  4.857324e+00  1.151766e+01  3.053481e+00
   endloop
 endfacet
 facet normal  3.884345e-01  9.214755e-01 -1.272335e-03
   outer loop
     vertex  4.566763e+00  1.163592e+01  0.000000e+00
     vertex  4.857324e+00  1.151766e+01  3.053481e+00
     vertex  5.141089e+00  1.139382e+01  0.000000e+00
   endloop
 endfacet
 facet normal  3.148177e-01  9.491519e-01  6.825944e-04
   outer loop
     vertex  3.981083e+00  1.184909e+01  0.000000e+00
     vertex  3.714952e+00  1.193521e+01  3.000000e+00
     vertex  4.154365e+00  1.178946e+01  3.006346e+00
   endloop
 endfacet
 facet normal  3.420199e-01  9.396921e-01 -1.072961e-03
   outer loop
     vertex  3.981083e+00  1.184909e+01  0.000000e+00
     vertex  4.154365e+00  1.178946e+01  3.006346e+00
     vertex  4.566763e+00  1.163592e+01  0.000000e+00
   endloop
 endfacet
 facet normal  2.947549e-01  9.555720e-01 -1.281469e-03
   outer loop
     vertex  3.385506e+00  1.203280e+01  0.000000e+00
     vertex  3.714952e+00  1.193521e+01  3.000000e+00
     vertex  3.981083e+00  1.184909e+01  0.000000e+00
   endloop
 endfacet
 facet normal  2.745340e-01  9.615767e-01  1.134444e-03
   outer loop
     vertex  3.385506e+00  1.203280e+01  0.000000e+00
     vertex  3.146484e+00  1.209751e+01  3.000000e+00
     vertex  3.714952e+00  1.193521e+01  3.000000e+00
   endloop
 endfacet
 facet normal  2.287623e-01  9.734817e-01  1.079638e-03
   outer loop
     vertex  2.781512e+00  1.218660e+01  0.000000e+00
     vertex  2.570979e+00  1.223275e+01  3.000000e+00
     vertex  3.146484e+00  1.209751e+01  3.000000e+00
   endloop
 endfacet
 facet normal  2.467572e-01  9.690765e-01 -1.240396e-03
   outer loop
     vertex  2.781512e+00  1.218660e+01  0.000000e+00
     vertex  3.146484e+00  1.209751e+01  3.000000e+00
     vertex  3.385506e+00  1.203280e+01  0.000000e+00
   endloop
 endfacet
 facet normal  1.824790e-01  9.832093e-01  9.973647e-04
   outer loop
     vertex  2.170602e+00  1.231010e+01  0.000000e+00
     vertex  1.989722e+00  1.234062e+01  3.000000e+00
     vertex  2.570979e+00  1.223275e+01  3.000000e+00
   endloop
 endfacet
 facet normal  1.981460e-01  9.801718e-01 -1.171857e-03
   outer loop
     vertex  2.170602e+00  1.231010e+01  0.000000e+00
     vertex  2.570979e+00  1.223275e+01  3.000000e+00
     vertex  2.781512e+00  1.218660e+01  0.000000e+00
   endloop
 endfacet
 facet normal  1.357874e-01  9.907376e-01  8.876253e-04
   outer loop
     vertex  1.554296e+00  1.240299e+01  0.000000e+00
     vertex  1.404015e+00  1.242090e+01  3.000000e+00
     vertex  1.989722e+00  1.234062e+01  3.000000e+00
   endloop
 endfacet
 facet normal  1.490422e-01  9.888303e-01 -1.075851e-03
   outer loop
     vertex  1.554296e+00  1.240299e+01  0.000000e+00
     vertex  1.989722e+00  1.234062e+01  3.000000e+00
     vertex  2.170602e+00  1.231010e+01  0.000000e+00
   endloop
 endfacet
 facet normal  8.879210e-02  9.960499e-01  7.504201e-04
   outer loop
     vertex  9.341262e-01  1.246505e+01  0.000000e+00
     vertex  8.151674e-01  1.247339e+01  3.000000e+00
     vertex  1.404015e+00  1.242090e+01  3.000000e+00
   endloop
 endfacet
 facet normal  9.956780e-02  9.950303e-01 -9.523782e-04
   outer loop
     vertex  9.341262e-01  1.246505e+01  0.000000e+00
     vertex  1.404015e+00  1.242090e+01  3.000000e+00
     vertex  1.554296e+00  1.240299e+01  0.000000e+00
   endloop
 endfacet
 facet normal  4.159818e-02  9.991342e-01  5.857501e-04
   outer loop
     vertex  3.116336e-01  1.249611e+01  0.000000e+00
     vertex  2.244965e-01  1.249798e+01  3.000000e+00
     vertex  8.151674e-01  1.247339e+01  3.000000e+00
   endloop
 endfacet
 facet normal  4.984587e-02  9.987566e-01 -8.014405e-04
   outer loop
     vertex  3.116336e-01  1.249611e+01  0.000000e+00
     vertex  8.151674e-01  1.247339e+01  3.000000e+00
     vertex  9.341262e-01  1.246505e+01  0.000000e+00
   endloop
 endfacet
 facet normal -5.688795e-03  9.999837e-01  3.936163e-04
   outer loop
     vertex -3.116336e-01  1.249611e+01  0.000000e+00
     vertex -3.666766e-01  1.249462e+01  3.000000e+00
     vertex  2.244965e-01  1.249798e+01  3.000000e+00
   endloop
 endfacet
 facet normal  0.000000e+00  9.999998e-01 -6.230385e-04
   outer loop
     vertex -3.116336e-01  1.249611e+01  0.000000e+00
     vertex  2.244965e-01  1.249798e+01  3.000000e+00
     vertex  3.116336e-01  1.249611e+01  0.000000e+00
   endloop
 endfacet
 facet normal -5.296305e-02  9.985965e-01  1.740199e-04
   outer loop
     vertex -9.341262e-01  1.246505e+01  0.000000e+00
     vertex -9.570295e-01  1.246331e+01  3.000000e+00
     vertex -3.666766e-01  1.249462e+01  3.000000e+00
   endloop
 endfacet
 facet normal -4.984588e-02  9.987568e-01 -4.171733e-04
   outer loop
     vertex -9.341262e-01  1.246505e+01  0.000000e+00
     vertex -3.666766e-01  1.249462e+01  3.000000e+00
     vertex -3.116336e-01  1.249611e+01  0.000000e+00
   endloop
 endfacet
 facet normal -1.001188e-01  9.949755e-01 -7.303748e-05
   outer loop
     vertex -1.554296e+00  1.240299e+01  0.000000e+00
     vertex -1.545242e+00  1.240412e+01  3.000000e+00
     vertex -9.570295e-01  1.246331e+01  3.000000e+00
   endloop
 endfacet
 facet normal -1.470507e-01  9.891290e-01  7.081766e-05
   outer loop
     vertex -1.554296e+00  1.240299e+01  0.000000e+00
     vertex -2.129998e+00  1.231719e+01  3.000000e+00
     vertex -1.545242e+00  1.240412e+01  3.000000e+00
   endloop
 endfacet
 facet normal -9.956784e-02  9.950308e-01 -1.838462e-04
   outer loop
     vertex -1.554296e+00  1.240299e+01  0.000000e+00
     vertex -9.570295e-01  1.246331e+01  3.000000e+00
     vertex -9.341262e-01  1.246505e+01  0.000000e+00
   endloop
 endfacet
 facet normal -1.936536e-01  9.810699e-01  3.022597e-04
   outer loop
     vertex -2.170602e+00  1.231010e+01  0.000000e+00
     vertex -2.709989e+00  1.220270e+01  3.000000e+00
     vertex -2.129998e+00  1.231719e+01  3.000000e+00
   endloop
 endfacet
 facet normal -1.490423e-01  9.888308e-01 -3.198938e-04
   outer loop
     vertex -2.170602e+00  1.231010e+01  0.000000e+00
     vertex -2.129998e+00  1.231719e+01  3.000000e+00
     vertex -1.554296e+00  1.240299e+01  0.000000e+00
   endloop
 endfacet
 facet normal -2.398233e-01  9.708164e-01  5.062399e-04
   outer loop
     vertex -2.781512e+00  1.218660e+01  0.000000e+00
     vertex -3.283919e+00  1.206092e+01  3.000000e+00
     vertex -2.709989e+00  1.220270e+01  3.000000e+00
   endloop
 endfacet
 facet normal -1.981461e-01  9.801723e-01 -5.376051e-04
   outer loop
     vertex -2.781512e+00  1.218660e+01  0.000000e+00
     vertex -2.709989e+00  1.220270e+01  3.000000e+00
     vertex -2.170602e+00  1.231010e+01  0.000000e+00
   endloop
 endfacet
 facet normal -2.805295e-01  9.598453e-01  5.022851e-04
   outer loop
     vertex -3.385506e+00  1.203280e+01  0.000000e+00
     vertex -3.728283e+00  1.193105e+01  3.006346e+00
     vertex -3.283919e+00  1.206092e+01  3.000000e+00
   endloop
 endfacet
 facet normal -2.467573e-01  9.690770e-01 -7.278537e-04
   outer loop
     vertex -3.385506e+00  1.203280e+01  0.000000e+00
     vertex -3.283919e+00  1.206092e+01  3.000000e+00
     vertex -2.781512e+00  1.218660e+01  0.000000e+00
   endloop
 endfacet
 facet normal -3.140896e-01  9.493932e-01  5.299738e-04
   outer loop
     vertex -3.981083e+00  1.184909e+01  0.000000e+00
     vertex -4.123450e+00  1.180030e+01  3.025546e+00
     vertex -3.728283e+00  1.193105e+01  3.006346e+00
   endloop
 endfacet
 facet normal -2.947549e-01  9.555720e-01 -1.264299e-03
   outer loop
     vertex -3.981083e+00  1.184909e+01  0.000000e+00
     vertex -3.728283e+00  1.193105e+01  3.006346e+00
     vertex -3.385506e+00  1.203280e+01  0.000000e+00
   endloop
 endfacet
 facet normal -3.426560e-01  9.394606e-01 -8.349476e-04
   outer loop
     vertex -4.566763e+00  1.163592e+01  0.000000e+00
     vertex -4.440549e+00  1.168467e+01  3.053481e+00
     vertex -4.123450e+00  1.180030e+01  3.025546e+00
   endloop
 endfacet
 facet normal -3.665302e-01  9.304061e-01  2.964294e-04
   outer loop
     vertex -4.566763e+00  1.163592e+01  0.000000e+00
     vertex -4.722874e+00  1.157344e+01  3.090541e+00
     vertex -4.440549e+00  1.168467e+01  3.053481e+00
   endloop
 endfacet
 facet normal -3.420200e-01  9.396922e-01 -9.407248e-04
   outer loop
     vertex -4.566763e+00  1.163592e+01  0.000000e+00
     vertex -4.123450e+00  1.180030e+01  3.025546e+00
     vertex -3.981083e+00  1.184909e+01  0.000000e+00
   endloop
 endfacet
 facet normal -4.843621e-01  8.748595e-01 -3.767356e-03
   outer loop
     vertex -6.104604e+00  1.090797e+01  3.532372e+00
     vertex -6.054572e+00  1.093582e+01  3.567197e+00
     vertex -6.004401e+00  1.096345e+01  3.532364e+00
   endloop
 endfacet
 facet normal -4.843296e-01  8.748008e-01 -1.218421e-02
   outer loop
     vertex -6.155563e+00  1.087929e+01  3.499158e+00
     vertex -6.004401e+00  1.096345e+01  3.532364e+00
     vertex -5.953035e+00  1.099142e+01  3.499141e+00
   endloop
 endfacet
 facet normal -4.843302e-01  8.748005e-01 -1.218072e-02
   outer loop
     vertex -6.155563e+00  1.087929e+01  3.499158e+00
     vertex -6.104604e+00  1.090797e+01  3.532372e+00
     vertex -6.004401e+00  1.096345e+01  3.532364e+00
   endloop
 endfacet
 facet normal -3.880316e-01  9.216455e-01 -1.054969e-03
   outer loop
     vertex -5.141089e+00  1.139382e+01  0.000000e+00
     vertex -4.973321e+00  1.146805e+01  3.135552e+00
     vertex -4.722874e+00  1.157344e+01  3.090541e+00
   endloop
 endfacet
 facet normal -4.058373e-01  9.139453e-01  7.999932e-05
   outer loop
     vertex -5.141089e+00  1.139382e+01  0.000000e+00
     vertex -5.172611e+00  1.137955e+01  3.181475e+00
     vertex -4.973321e+00  1.146805e+01  3.135552e+00
   endloop
 endfacet
 facet normal -4.208734e-01  9.071194e-01 -9.960994e-05
   outer loop
     vertex -5.141089e+00  1.139382e+01  0.000000e+00
     vertex -5.348331e+00  1.129802e+01  3.231049e+00
     vertex -5.172611e+00  1.137955e+01  3.181475e+00
   endloop
 endfacet
 facet normal -3.884346e-01  9.214758e-01 -9.905685e-04
   outer loop
     vertex -5.141089e+00  1.139382e+01  0.000000e+00
     vertex -4.722874e+00  1.157344e+01  3.090541e+00
     vertex -4.566763e+00  1.163592e+01  0.000000e+00
   endloop
 endfacet
 facet normal -4.343492e-01  9.007439e-01 -1.053263e-03
   outer loop
     vertex -5.702633e+00  1.112340e+01  0.000000e+00
     vertex -5.502940e+00  1.122353e+01  3.283169e+00
     vertex -5.348331e+00  1.129802e+01  3.231049e+00
   endloop
 endfacet
 facet normal -4.457412e-01  8.951618e-01 -1.901133e-04
   outer loop
     vertex -5.702633e+00  1.112340e+01  0.000000e+00
     vertex -5.638886e+00  1.115585e+01  3.336914e+00
     vertex -5.502940e+00  1.122353e+01  3.283169e+00
   endloop
 endfacet
 facet normal -4.558651e-01  8.900489e-01  5.301432e-05
   outer loop
     vertex -5.702633e+00  1.112340e+01  0.000000e+00
     vertex -5.758065e+00  1.109480e+01  3.391354e+00
     vertex -5.638886e+00  1.115585e+01  3.336914e+00
   endloop
 endfacet
 facet normal -4.648719e-01  8.853779e-01 -1.335829e-04
   outer loop
     vertex -5.702633e+00  1.112340e+01  0.000000e+00
     vertex -5.862235e+00  1.104012e+01  3.445664e+00
     vertex -5.758065e+00  1.109480e+01  3.391354e+00
   endloop
 endfacet
 facet normal -4.338835e-01  9.009683e-01 -1.116460e-03
   outer loop
     vertex -5.702633e+00  1.112340e+01  0.000000e+00
     vertex -5.348331e+00  1.129802e+01  3.231049e+00
     vertex -5.141089e+00  1.139382e+01  0.000000e+00
   endloop
 endfacet
 facet normal -4.843647e-01  8.748661e-01 -4.230812e-04
   outer loop
     vertex -6.250000e+00  1.082532e+01  0.000000e+00
     vertex -6.155563e+00  1.087929e+01  3.499158e+00
     vertex -5.953035e+00  1.099142e+01  3.499141e+00
   endloop
 endfacet
 facet normal -4.733651e-01  8.808648e-01 -1.641359e-03
   outer loop
     vertex -6.250000e+00  1.082532e+01  0.000000e+00
     vertex -5.953035e+00  1.099142e+01  3.499141e+00
     vertex -5.862235e+00  1.104012e+01  3.445664e+00
   endloop
 endfacet
 facet normal -5.217707e-01  8.530850e-01 -1.141148e-03
   outer loop
     vertex -6.250000e+00  1.082532e+01  0.000000e+00
     vertex -6.591067e+00  1.062110e+01  3.283223e+00
     vertex -6.461575e+00  1.070038e+01  3.336964e+00
   endloop
 endfacet
 facet normal -5.122233e-01  8.588523e-01 -3.198728e-04
   outer loop
     vertex -6.250000e+00  1.082532e+01  0.000000e+00
     vertex -6.461575e+00  1.070038e+01  3.336964e+00
     vertex -6.346612e+00  1.076896e+01  3.391395e+00
   endloop
 endfacet
 facet normal -5.036729e-01  8.638945e-01  7.496951e-06
   outer loop
     vertex -6.250000e+00  1.082532e+01  0.000000e+00
     vertex -6.346612e+00  1.076896e+01  3.391395e+00
     vertex -6.245003e+00  1.082820e+01  3.445693e+00
   endloop
 endfacet
 facet normal -4.960233e-01  8.683092e-01 -7.291780e-06
   outer loop
     vertex -6.250000e+00  1.082532e+01  0.000000e+00
     vertex -6.245003e+00  1.082820e+01  3.445693e+00
     vertex -6.155563e+00  1.087929e+01  3.499158e+00
   endloop
 endfacet
 facet normal -4.782538e-01  8.782212e-01 -9.263964e-04
   outer loop
     vertex -6.250000e+00  1.082532e+01  0.000000e+00
     vertex -5.862235e+00  1.104012e+01  3.445664e+00
     vertex -5.702633e+00  1.112340e+01  0.000000e+00
   endloop
 endfacet
 facet normal -5.214349e-01  8.532904e-01 -1.093490e-03
   outer loop
     vertex -6.781828e+00  1.050032e+01  0.000000e+00
     vertex -6.591067e+00  1.062110e+01  3.283223e+00
     vertex -6.250000e+00  1.082532e+01  0.000000e+00
   endloop
 endfacet
 facet normal -5.590296e-01  8.291475e-01 -6.212279e-04
   outer loop
     vertex -6.781828e+00  1.050032e+01  0.000000e+00
     vertex -7.079350e+00  1.030208e+01  3.135597e+00
     vertex -6.898573e+00  1.042400e+01  3.181528e+00
   endloop
 endfacet
 facet normal -5.454292e-01  8.381569e-01  9.397680e-05
   outer loop
     vertex -6.781828e+00  1.050032e+01  0.000000e+00
     vertex -6.898573e+00  1.042400e+01  3.181528e+00
     vertex -6.736243e+00  1.052963e+01  3.231102e+00
   endloop
 endfacet
 facet normal -5.330656e-01  8.460739e-01 -1.522482e-04
   outer loop
     vertex -6.781828e+00  1.050032e+01  0.000000e+00
     vertex -6.736243e+00  1.052963e+01  3.231102e+00
     vertex -6.591067e+00  1.062110e+01  3.283223e+00
   endloop
 endfacet
 facet normal -5.633196e-01  8.262382e-01 -1.212231e-03
   outer loop
     vertex -7.296796e+00  1.014923e+01  0.000000e+00
     vertex -7.079350e+00  1.030208e+01  3.135597e+00
     vertex -6.781828e+00  1.050032e+01  0.000000e+00
   endloop
 endfacet
 facet normal -5.939400e-01  8.045093e-01 -2.387558e-05
   outer loop
     vertex -7.296796e+00  1.014923e+01  0.000000e+00
     vertex -7.545829e+00  9.965463e+00  3.053492e+00
     vertex -7.301636e+00  1.014574e+01  3.090570e+00
   endloop
 endfacet
 facet normal -5.752762e-01  8.179592e-01  2.050084e-05
   outer loop
     vertex -7.296796e+00  1.014923e+01  0.000000e+00
     vertex -7.301636e+00  1.014574e+01  3.090570e+00
     vertex -7.079350e+00  1.030208e+01  3.135597e+00
   endloop
 endfacet
 facet normal -6.038039e-01  7.971319e-01 -1.272324e-03
   outer loop
     vertex -7.793623e+00  9.772894e+00  0.000000e+00
     vertex -7.545829e+00  9.965463e+00  3.053492e+00
     vertex -7.296796e+00  1.014923e+01  0.000000e+00
   endloop
 endfacet
 facet normal -6.378874e-01  7.701296e-01 -1.385733e-04
   outer loop
     vertex -7.793623e+00  9.772894e+00  0.000000e+00
     vertex -8.132864e+00  9.492446e+00  3.006343e+00
     vertex -7.812233e+00  9.758023e+00  3.025546e+00
   endloop
 endfacet
 facet normal -6.143850e-01  7.890064e-01  9.877244e-05
   outer loop
     vertex -7.793623e+00  9.772894e+00  0.000000e+00
     vertex -7.812233e+00  9.758023e+00  3.025546e+00
     vertex -7.545829e+00  9.965463e+00  3.053492e+00
   endloop
 endfacet
 facet normal -6.645839e-01  7.472133e-01  6.822086e-04
   outer loop
     vertex -8.271073e+00  9.372265e+00  0.000000e+00
     vertex -8.478715e+00  9.184846e+00  3.000000e+00
     vertex -8.132864e+00  9.492446e+00  3.006343e+00
   endloop
 endfacet
 facet normal -6.427872e-01  7.660440e-01 -1.072608e-03
   outer loop
     vertex -8.271073e+00  9.372265e+00  0.000000e+00
     vertex -8.132864e+00  9.492446e+00  3.006343e+00
     vertex -7.793623e+00  9.772894e+00  0.000000e+00
   endloop
 endfacet
 facet normal -6.801722e-01  7.330513e-01 -1.281469e-03
   outer loop
     vertex -8.727960e+00  8.948336e+00  0.000000e+00
     vertex -8.478715e+00  9.184846e+00  3.000000e+00
     vertex -8.271073e+00  9.372265e+00  0.000000e+00
   endloop
 endfacet
 facet normal -6.954828e-01  7.185418e-01  1.134444e-03
   outer loop
     vertex -8.727960e+00  8.948336e+00  0.000000e+00
     vertex -8.903505e+00  8.773688e+00  3.000000e+00
     vertex -8.478715e+00  9.184846e+00  3.000000e+00
   endloop
 endfacet
 facet normal -7.158663e-01  6.982363e-01 -1.240396e-03
   outer loop
     vertex -9.163148e+00  8.502159e+00  0.000000e+00
     vertex -8.903505e+00  8.773688e+00  3.000000e+00
     vertex -8.727960e+00  8.948336e+00  0.000000e+00
   endloop
 endfacet
 facet normal -7.286787e-01  6.848549e-01  1.079638e-03
   outer loop
     vertex -9.163148e+00  8.502159e+00  0.000000e+00
     vertex -9.308379e+00  8.342906e+00  3.000000e+00
     vertex -8.903505e+00  8.773688e+00  3.000000e+00
   endloop
 endfacet
 facet normal -7.497807e-01  6.616854e-01 -1.171857e-03
   outer loop
     vertex -9.575556e+00  8.034845e+00  0.000000e+00
     vertex -9.308379e+00  8.342906e+00  3.000000e+00
     vertex -9.163148e+00  8.502159e+00  0.000000e+00
   endloop
 endfacet
 facet normal -7.602447e-01  6.496360e-01  9.973647e-04
   outer loop
     vertex -9.575556e+00  8.034845e+00  0.000000e+00
     vertex -9.692433e+00  7.893462e+00  3.000000e+00
     vertex -9.308379e+00  8.342906e+00  3.000000e+00
   endloop
 endfacet
 facet normal -7.901102e-01  6.129641e-01  8.876253e-04
   outer loop
     vertex -9.964156e+00  7.547555e+00  0.000000e+00
     vertex -1.005481e+01  7.426362e+00  3.000000e+00
     vertex -9.692433e+00  7.893462e+00  3.000000e+00
   endloop
 endfacet
 facet normal -7.818310e-01  6.234894e-01 -1.075851e-03
   outer loop
     vertex -9.964156e+00  7.547555e+00  0.000000e+00
     vertex -9.692433e+00  7.893462e+00  3.000000e+00
     vertex -9.575556e+00  8.034845e+00  0.000000e+00
   endloop
 endfacet
 facet normal -8.182085e-01  5.749212e-01  7.504201e-04
   outer loop
     vertex -1.032798e+01  7.041501e+00  0.000000e+00
     vertex -1.039469e+01  6.942652e+00  3.000000e+00
     vertex -1.005481e+01  7.426362e+00  3.000000e+00
   endloop
 endfacet
 facet normal -8.119376e-01  5.837434e-01 -9.523782e-04
   outer loop
     vertex -1.032798e+01  7.041501e+00  0.000000e+00
     vertex -1.005481e+01  7.426362e+00  3.000000e+00
     vertex -9.964156e+00  7.547555e+00  0.000000e+00
   endloop
 endfacet
 facet normal -8.444766e-01  5.355922e-01  5.857501e-04
   outer loop
     vertex -1.066614e+01  6.517940e+00  0.000000e+00
     vertex -1.071132e+01  6.443412e+00  3.000000e+00
     vertex -1.039469e+01  6.942652e+00  3.000000e+00
   endloop
 endfacet
 facet normal -8.400257e-01  5.425461e-01 -8.014405e-04
   outer loop
     vertex -1.066614e+01  6.517940e+00  0.000000e+00
     vertex -1.039469e+01  6.942652e+00  3.000000e+00
     vertex -1.032798e+01  7.041501e+00  0.000000e+00
   endloop
 endfacet
 facet normal -8.688557e-01  4.950652e-01  3.936163e-04
   outer loop
     vertex -1.097777e+01  5.978175e+00  0.000000e+00
     vertex -1.100400e+01  5.929759e+00  3.000000e+00
     vertex -1.071132e+01  6.443412e+00  3.000000e+00
   endloop
 endfacet
 facet normal -8.660252e-01  4.999999e-01 -6.230385e-04
   outer loop
     vertex -1.097777e+01  5.978175e+00  0.000000e+00
     vertex -1.071132e+01  6.443412e+00  3.000000e+00
     vertex -1.066614e+01  6.517940e+00  0.000000e+00
   endloop
 endfacet
 facet normal -8.912914e-01  4.534309e-01  1.740199e-04
   outer loop
     vertex -1.126211e+01  5.423547e+00  0.000000e+00
     vertex -1.127206e+01  5.402843e+00  3.000000e+00
     vertex -1.100400e+01  5.929759e+00  3.000000e+00
   endloop
 endfacet
 facet normal -8.898717e-01  4.562106e-01 -4.171733e-04
   outer loop
     vertex -1.126211e+01  5.423547e+00  0.000000e+00
     vertex -1.100400e+01  5.929759e+00  3.000000e+00
     vertex -1.097777e+01  5.978175e+00  0.000000e+00
   endloop
 endfacet
 facet normal -9.117335e-01  4.107823e-01 -7.303748e-05
   outer loop
     vertex -1.151845e+01  4.855435e+00  0.000000e+00
     vertex -1.151491e+01  4.863842e+00  3.000000e+00
     vertex -1.127206e+01  5.402843e+00  3.000000e+00
   endloop
 endfacet
 facet normal -9.301361e-01  3.672148e-01  7.081766e-05
   outer loop
     vertex -1.151845e+01  4.855435e+00  0.000000e+00
     vertex -1.173200e+01  4.313962e+00  3.000000e+00
     vertex -1.151491e+01  4.863842e+00  3.000000e+00
   endloop
 endfacet
 facet normal -9.115058e-01  4.112871e-01 -1.838462e-04
   outer loop
     vertex -1.151845e+01  4.855435e+00  0.000000e+00
     vertex -1.127206e+01  5.402843e+00  3.000000e+00
     vertex -1.126211e+01  5.423547e+00  0.000000e+00
   endloop
 endfacet
 facet normal -9.464583e-01  3.228260e-01  3.022597e-04
   outer loop
     vertex -1.174616e+01  4.275252e+00  0.000000e+00
     vertex -1.192285e+01  3.754432e+00  3.000000e+00
     vertex -1.173200e+01  4.313962e+00  3.000000e+00
   endloop
 endfacet
 facet normal -9.308737e-01  3.653410e-01 -3.198938e-04
   outer loop
     vertex -1.174616e+01  4.275252e+00  0.000000e+00
     vertex -1.173200e+01  4.313962e+00  3.000000e+00
     vertex -1.151845e+01  4.855435e+00  0.000000e+00
   endloop
 endfacet
 facet normal -9.606633e-01  2.777151e-01  5.062399e-04
   outer loop
     vertex -1.194466e+01  3.684440e+00  0.000000e+00
     vertex -1.208703e+01  3.186505e+00  3.000000e+00
     vertex -1.192285e+01  3.754432e+00  3.000000e+00
   endloop
 endfacet
 facet normal -9.479272e-01  3.184866e-01 -5.376051e-04
   outer loop
     vertex -1.194466e+01  3.684440e+00  0.000000e+00
     vertex -1.192285e+01  3.754432e+00  3.000000e+00
     vertex -1.174616e+01  4.275252e+00  0.000000e+00
   endloop
 endfacet
 facet normal -9.715142e-01  2.369810e-01  5.021396e-04
   outer loop
     vertex -1.211347e+01  3.084467e+00  0.000000e+00
     vertex -1.219671e+01  2.736837e+00  3.006343e+00
     vertex -1.208703e+01  3.186505e+00  3.000000e+00
   endloop
 endfacet
 facet normal -9.626240e-01  2.708404e-01 -7.278537e-04
   outer loop
     vertex -1.211347e+01  3.084467e+00  0.000000e+00
     vertex -1.208703e+01  3.186505e+00  3.000000e+00
     vertex -1.194466e+01  3.684440e+00  0.000000e+00
   endloop
 endfacet
 facet normal -9.792426e-01  2.026912e-01  5.301696e-04
   outer loop
     vertex -1.225216e+01  2.476827e+00  0.000000e+00
     vertex -1.228109e+01  2.329142e+00  3.025546e+00
     vertex -1.219671e+01  2.736837e+00  3.006343e+00
   endloop
 endfacet
 facet normal -9.749271e-01  2.225208e-01 -1.264427e-03
   outer loop
     vertex -1.225216e+01  2.476827e+00  0.000000e+00
     vertex -1.219671e+01  2.736837e+00  3.006343e+00
     vertex -1.211347e+01  3.084467e+00  0.000000e+00
   endloop
 endfacet
 facet normal -9.849255e-01  1.729771e-01 -8.342409e-04
   outer loop
     vertex -1.236039e+01  1.863028e+00  0.000000e+00
     vertex -1.233951e+01  1.996593e+00  3.053492e+00
     vertex -1.228109e+01  2.329142e+00  3.025546e+00
   endloop
 endfacet
 facet normal -9.890223e-01  1.477661e-01  2.965300e-04
   outer loop
     vertex -1.236039e+01  1.863028e+00  0.000000e+00
     vertex -1.238436e+01  1.696392e+00  3.090570e+00
     vertex -1.233951e+01  1.996593e+00  3.053492e+00
   endloop
 endfacet
 facet normal -9.848073e-01  1.736481e-01 -9.407119e-04
   outer loop
     vertex -1.236039e+01  1.863028e+00  0.000000e+00
     vertex -1.228109e+01  2.329142e+00  3.025546e+00
     vertex -1.225216e+01  2.476827e+00  0.000000e+00
   endloop
 endfacet
 facet normal -9.997645e-01  1.795838e-02 -1.218135e-02
   outer loop
     vertex -1.249888e+01  1.672434e-01  3.532372e+00
     vertex -1.249682e+01  2.817448e-01  3.532372e+00
     vertex -1.249537e+01  3.402005e-01  3.499158e+00
   endloop
 endfacet
 facet normal -9.998316e-01  1.795959e-02 -3.766898e-03
   outer loop
     vertex -1.249888e+01  1.672434e-01  3.532372e+00
     vertex -1.249798e+01  2.244965e-01  3.567197e+00
     vertex -1.249682e+01  2.817448e-01  3.532372e+00
   endloop
 endfacet
 facet normal -9.997645e-01  1.795838e-02 -1.218135e-02
   outer loop
     vertex -1.249953e+01  1.087732e-01  3.499158e+00
     vertex -1.249888e+01  1.672434e-01  3.532372e+00
     vertex -1.249537e+01  3.402005e-01  3.499158e+00
   endloop
 endfacet
 facet normal -9.922387e-01  1.243436e-01 -9.913038e-04
   outer loop
     vertex -1.243788e+01  1.244598e+00  0.000000e+00
     vertex -1.238436e+01  1.696392e+00  3.090570e+00
     vertex -1.236039e+01  1.863028e+00  0.000000e+00
   endloop
 endfacet
 facet normal -9.921863e-01  1.247605e-01 -1.053143e-03
   outer loop
     vertex -1.243788e+01  1.244598e+00  0.000000e+00
     vertex -1.241831e+01  1.426766e+00  3.135597e+00
     vertex -1.238436e+01  1.696392e+00  3.090570e+00
   endloop
 endfacet
 facet normal -9.944205e-01  1.054888e-01  8.042216e-05
   outer loop
     vertex -1.243788e+01  1.244598e+00  0.000000e+00
     vertex -1.244130e+01  1.209934e+00  3.181528e+00
     vertex -1.241831e+01  1.426766e+00  3.135597e+00
   endloop
 endfacet
 facet normal -9.960266e-01  8.905578e-02 -1.003485e-04
   outer loop
     vertex -1.243788e+01  1.244598e+00  0.000000e+00
     vertex -1.245856e+01  1.017033e+00  3.231102e+00
     vertex -1.244130e+01  1.209934e+00  3.181528e+00
   endloop
 endfacet
 facet normal -9.972428e-01  7.420081e-02 -1.051986e-03
   outer loop
     vertex -1.248446e+01  6.230736e-01  0.000000e+00
     vertex -1.247134e+01  8.459163e-01  3.283223e+00
     vertex -1.245856e+01  1.017033e+00  3.231102e+00
   endloop
 endfacet
 facet normal -9.981042e-01  6.154615e-02 -1.896324e-04
   outer loop
     vertex -1.248446e+01  6.230736e-01  0.000000e+00
     vertex -1.248070e+01  6.943758e-01  3.336964e+00
     vertex -1.247134e+01  8.459163e-01  3.283223e+00
   endloop
 endfacet
 facet normal -9.987379e-01  5.022457e-02  5.299475e-05
   outer loop
     vertex -1.248446e+01  6.230736e-01  0.000000e+00
     vertex -1.248742e+01  5.606776e-01  3.391395e+00
     vertex -1.248070e+01  6.943758e-01  3.336964e+00
   endloop
 endfacet
 facet normal -9.991960e-01  4.009166e-02 -1.338334e-04
   outer loop
     vertex -1.248446e+01  6.230736e-01  0.000000e+00
     vertex -1.249214e+01  4.431546e-01  3.445693e+00
     vertex -1.248742e+01  5.606776e-01  3.391395e+00
   endloop
 endfacet
 facet normal -9.972032e-01  7.473005e-02 -1.116832e-03
   outer loop
     vertex -1.248446e+01  6.230736e-01  0.000000e+00
     vertex -1.245856e+01  1.017033e+00  3.231102e+00
     vertex -1.243788e+01  1.244598e+00  0.000000e+00
   endloop
 endfacet
 facet normal -9.998386e-01  1.795972e-02 -4.230449e-04
   outer loop
     vertex -1.250000e+01 -4.287811e-14  0.000000e+00
     vertex -1.249953e+01  1.087732e-01  3.499158e+00
     vertex -1.249537e+01  3.402005e-01  3.499158e+00
   endloop
 endfacet
 facet normal -9.996888e-01  2.493068e-02 -9.265710e-04
   outer loop
     vertex -1.250000e+01 -4.287811e-14  0.000000e+00
     vertex -1.249214e+01  4.431546e-01  3.445693e+00
     vertex -1.248446e+01  6.230736e-01  0.000000e+00
   endloop
 endfacet
 facet normal -9.995339e-01  3.048274e-02 -1.640981e-03
   outer loop
     vertex -1.250000e+01 -4.287811e-14  0.000000e+00
     vertex -1.249537e+01  3.402005e-01  3.499158e+00
     vertex -1.249214e+01  4.431546e-01  3.445693e+00
   endloop
 endfacet
 facet normal -9.996786e-01 -2.532418e-02 -1.141148e-03
   outer loop
     vertex -1.250000e+01 -4.287811e-14  0.000000e+00
     vertex -1.249368e+01 -3.974792e-01  3.283223e+00
     vertex -1.249759e+01 -2.457005e-01  3.336964e+00
   endloop
 endfacet
 facet normal -9.998995e-01 -1.417226e-02 -3.198727e-04
   outer loop
     vertex -1.250000e+01 -4.287811e-14  0.000000e+00
     vertex -1.249759e+01 -2.457005e-01  3.336964e+00
     vertex -1.249950e+01 -1.118472e-01  3.391395e+00
   endloop
 endfacet
 facet normal -9.999910e-01 -4.246270e-03  7.496963e-06
   outer loop
     vertex -1.250000e+01 -4.287811e-14  0.000000e+00
     vertex -1.249950e+01 -1.118472e-01  3.391395e+00
     vertex -1.250000e+01  5.769551e-03  3.445693e+00
   endloop
 endfacet
 facet normal -9.999895e-01  4.585881e-03 -7.291800e-06
   outer loop
     vertex -1.250000e+01 -4.287811e-14  0.000000e+00
     vertex -1.250000e+01  5.769551e-03  3.445693e+00
     vertex -1.249953e+01  1.087732e-01  3.499158e+00
   endloop
 endfacet
 facet normal -9.996886e-01 -2.493068e-02 -1.093490e-03
   outer loop
     vertex -1.248446e+01 -6.230736e-01  0.000000e+00
     vertex -1.249368e+01 -3.974792e-01  3.283223e+00
     vertex -1.250000e+01 -4.287811e-14  0.000000e+00
   endloop
 endfacet
 facet normal -9.975776e-01 -6.956008e-02 -6.212277e-04
   outer loop
     vertex -1.248446e+01 -6.230736e-01  0.000000e+00
     vertex -1.246154e+01 -9.798586e-01  3.135597e+00
     vertex -1.247673e+01 -7.623411e-01  3.181528e+00
   endloop
 endfacet
 facet normal -9.985798e-01 -5.327705e-02  9.397684e-05
   outer loop
     vertex -1.248446e+01 -6.230736e-01  0.000000e+00
     vertex -1.247673e+01 -7.623411e-01  3.181528e+00
     vertex -1.248705e+01 -5.689445e-01  3.231102e+00
   endloop
 endfacet
 facet normal -9.992543e-01 -3.861144e-02 -1.522483e-04
   outer loop
     vertex -1.248446e+01 -6.230736e-01  0.000000e+00
     vertex -1.248705e+01 -5.689445e-01  3.231102e+00
     vertex -1.249368e+01 -3.974792e-01  3.283223e+00
   endloop
 endfacet
 facet normal -9.972031e-01 -7.473004e-02 -1.212231e-03
   outer loop
     vertex -1.243788e+01 -1.244598e+00  0.000000e+00
     vertex -1.246154e+01 -9.798586e-01  3.135597e+00
     vertex -1.248446e+01 -6.230736e-01  0.000000e+00
   endloop
 endfacet
 facet normal -9.936955e-01 -1.121125e-01 -2.387547e-05
   outer loop
     vertex -1.243788e+01 -1.244598e+00  0.000000e+00
     vertex -1.240326e+01 -1.552148e+00  3.053492e+00
     vertex -1.243729e+01 -1.250530e+00  3.090570e+00
   endloop
 endfacet
 facet normal -9.960116e-01 -8.922418e-02  2.050075e-05
   outer loop
     vertex -1.243788e+01 -1.244598e+00  0.000000e+00
     vertex -1.243729e+01 -1.250530e+00  3.090570e+00
     vertex -1.246154e+01 -9.798586e-01  3.135597e+00
   endloop
 endfacet
 facet normal -9.922384e-01 -1.243436e-01 -1.272324e-03
   outer loop
     vertex -1.236039e+01 -1.863028e+00  0.000000e+00
     vertex -1.240326e+01 -1.552148e+00  3.053492e+00
     vertex -1.243788e+01 -1.244598e+00  0.000000e+00
   endloop
 endfacet
 facet normal -9.858955e-01 -1.673619e-01 -1.385732e-04
   outer loop
     vertex -1.236039e+01 -1.863028e+00  0.000000e+00
     vertex -1.228713e+01 -2.297044e+00  3.006343e+00
     vertex -1.235681e+01 -1.886581e+00  3.025546e+00
   endloop
 endfacet
 facet normal -9.904921e-01 -1.375698e-01  9.877238e-05
   outer loop
     vertex -1.236039e+01 -1.863028e+00  0.000000e+00
     vertex -1.235681e+01 -1.886581e+00  3.025546e+00
     vertex -1.240326e+01 -1.552148e+00  3.053492e+00
   endloop
 endfacet
 facet normal -9.848072e-01 -1.736481e-01 -1.072608e-03
   outer loop
     vertex -1.225216e+01 -2.476827e+00  0.000000e+00
     vertex -1.228713e+01 -2.297044e+00  3.006343e+00
     vertex -1.236039e+01 -1.863028e+00  0.000000e+00
   endloop
 endfacet
 facet normal -9.793977e-01 -2.019399e-01  6.822087e-04
   outer loop
     vertex -1.225216e+01 -2.476827e+00  0.000000e+00
     vertex -1.219367e+01 -2.750360e+00  3.000000e+00
     vertex -1.228713e+01 -2.297044e+00  3.006343e+00
   endloop
 endfacet
 facet normal -9.749271e-01 -2.225208e-01 -1.281469e-03
   outer loop
     vertex -1.211347e+01 -3.084467e+00  0.000000e+00
     vertex -1.219367e+01 -2.750360e+00  3.000000e+00
     vertex -1.225216e+01 -2.476827e+00  0.000000e+00
   endloop
 endfacet
 facet normal -9.700169e-01 -2.430349e-01  1.134444e-03
   outer loop
     vertex -1.211347e+01 -3.084467e+00  0.000000e+00
     vertex -1.204999e+01 -3.323817e+00  3.000000e+00
     vertex -1.219367e+01 -2.750360e+00  3.000000e+00
   endloop
 endfacet
 facet normal -9.626235e-01 -2.708403e-01 -1.240396e-03
   outer loop
     vertex -1.194466e+01 -3.684440e+00  0.000000e+00
     vertex -1.204999e+01 -3.323817e+00  3.000000e+00
     vertex -1.211347e+01 -3.084467e+00  0.000000e+00
   endloop
 endfacet
 facet normal -9.574411e-01 -2.886268e-01  1.079638e-03
   outer loop
     vertex -1.194466e+01 -3.684440e+00  0.000000e+00
     vertex -1.187936e+01 -3.889840e+00  3.000000e+00
     vertex -1.204999e+01 -3.323817e+00  3.000000e+00
   endloop
 endfacet
 facet normal -9.479267e-01 -3.184864e-01 -1.171857e-03
   outer loop
     vertex -1.174616e+01 -4.275252e+00  0.000000e+00
     vertex -1.187936e+01 -3.889840e+00  3.000000e+00
     vertex -1.194466e+01 -3.684440e+00  0.000000e+00
   endloop
 endfacet
 facet normal -9.427237e-01 -3.335732e-01  9.973647e-04
   outer loop
     vertex -1.174616e+01 -4.275252e+00  0.000000e+00
     vertex -1.168216e+01 -4.447162e+00  3.000000e+00
     vertex -1.187936e+01 -3.889840e+00  3.000000e+00
   endloop
 endfacet
 facet normal -9.308732e-01 -3.653408e-01 -1.075851e-03
   outer loop
     vertex -1.151845e+01 -4.855435e+00  0.000000e+00
     vertex -1.168216e+01 -4.447162e+00  3.000000e+00
     vertex -1.174616e+01 -4.275252e+00  0.000000e+00
   endloop
 endfacet
 facet normal -9.258976e-01 -3.777735e-01  8.876253e-04
   outer loop
     vertex -1.151845e+01 -4.855435e+00  0.000000e+00
     vertex -1.145882e+01 -4.994537e+00  3.000000e+00
     vertex -1.168216e+01 -4.447162e+00  3.000000e+00
   endloop
 endfacet
 facet normal -9.115054e-01 -4.112869e-01 -9.523782e-04
   outer loop
     vertex -1.126211e+01 -5.423547e+00  0.000000e+00
     vertex -1.145882e+01 -4.994537e+00  3.000000e+00
     vertex -1.151845e+01 -4.855435e+00  0.000000e+00
   endloop
 endfacet
 facet normal -9.070006e-01 -4.211287e-01  7.504201e-04
   outer loop
     vertex -1.126211e+01 -5.423547e+00  0.000000e+00
     vertex -1.120986e+01 -5.530740e+00  3.000000e+00
     vertex -1.145882e+01 -4.994537e+00  3.000000e+00
   endloop
 endfacet
 facet normal -8.898715e-01 -4.562105e-01 -8.014405e-04
   outer loop
     vertex -1.097777e+01 -5.978175e+00  0.000000e+00
     vertex -1.120986e+01 -5.530740e+00  3.000000e+00
     vertex -1.126211e+01 -5.423547e+00  0.000000e+00
   endloop
 endfacet
 facet normal -8.860747e-01 -4.635420e-01  5.857501e-04
   outer loop
     vertex -1.097777e+01 -5.978175e+00  0.000000e+00
     vertex -1.093582e+01 -6.054572e+00  3.000000e+00
     vertex -1.120986e+01 -5.530740e+00  3.000000e+00
   endloop
 endfacet
 facet normal -8.631669e-01 -5.049185e-01  3.936163e-04
   outer loop
     vertex -1.066614e+01 -6.517940e+00  0.000000e+00
     vertex -1.063732e+01 -6.564862e+00  3.000000e+00
     vertex -1.093582e+01 -6.054572e+00  3.000000e+00
   endloop
 endfacet
 facet normal -8.660252e-01 -4.999999e-01 -6.230385e-04
   outer loop
     vertex -1.066614e+01 -6.517940e+00  0.000000e+00
     vertex -1.093582e+01 -6.054572e+00  3.000000e+00
     vertex -1.097777e+01 -5.978175e+00  0.000000e+00
   endloop
 endfacet
 facet normal -8.383284e-01 -5.451656e-01  1.740199e-04
   outer loop
     vertex -1.032798e+01 -7.041501e+00  0.000000e+00
     vertex -1.031503e+01 -7.060467e+00  3.000000e+00
     vertex -1.063732e+01 -6.564862e+00  3.000000e+00
   endloop
 endfacet
 facet normal -8.400259e-01 -5.425462e-01 -4.171733e-04
   outer loop
     vertex -1.032798e+01 -7.041501e+00  0.000000e+00
     vertex -1.063732e+01 -6.564862e+00  3.000000e+00
     vertex -1.066614e+01 -6.517940e+00  0.000000e+00
   endloop
 endfacet
 facet normal -8.116146e-01 -5.841932e-01 -7.303748e-05
   outer loop
     vertex -9.964156e+00 -7.547555e+00  0.000000e+00
     vertex -9.969663e+00 -7.540279e+00  3.000000e+00
     vertex -1.031503e+01 -7.060467e+00  3.000000e+00
   endloop
 endfacet
 facet normal -7.830855e-01 -6.219141e-01  7.081766e-05
   outer loop
     vertex -9.964156e+00 -7.547555e+00  0.000000e+00
     vertex -9.601999e+00 -8.003226e+00  3.000000e+00
     vertex -9.969663e+00 -7.540279e+00  3.000000e+00
   endloop
 endfacet
 facet normal -8.119380e-01 -5.837437e-01 -1.838462e-04
   outer loop
     vertex -9.964156e+00 -7.547555e+00  0.000000e+00
     vertex -1.031503e+01 -7.060467e+00  3.000000e+00
     vertex -1.032798e+01 -7.041501e+00  0.000000e+00
   endloop
 endfacet
 facet normal -7.528047e-01 -6.582439e-01  3.022597e-04
   outer loop
     vertex -9.575556e+00 -8.034845e+00  0.000000e+00
     vertex -9.212856e+00 -8.448271e+00  3.000000e+00
     vertex -9.601999e+00 -8.003226e+00  3.000000e+00
   endloop
 endfacet
 facet normal -7.818314e-01 -6.234898e-01 -3.198938e-04
   outer loop
     vertex -9.575556e+00 -8.034845e+00  0.000000e+00
     vertex -9.601999e+00 -8.003226e+00  3.000000e+00
     vertex -9.964156e+00 -7.547555e+00  0.000000e+00
   endloop
 endfacet
 facet normal -7.497811e-01 -6.616857e-01 -5.376051e-04
   outer loop
     vertex -9.163148e+00 -8.502159e+00  0.000000e+00
     vertex -9.212856e+00 -8.448271e+00  3.000000e+00
     vertex -9.575556e+00 -8.034845e+00  0.000000e+00
   endloop
 endfacet
 facet normal -7.208400e-01 -6.931013e-01  5.062399e-04
   outer loop
     vertex -9.163148e+00 -8.502159e+00  0.000000e+00
     vertex -8.803107e+00 -8.874419e+00  3.000000e+00
     vertex -9.212856e+00 -8.448271e+00  3.000000e+00
   endloop
 endfacet
 facet normal -7.158667e-01 -6.982366e-01 -7.278537e-04
   outer loop
     vertex -8.727960e+00 -8.948336e+00  0.000000e+00
     vertex -8.803107e+00 -8.874419e+00  3.000000e+00
     vertex -9.163148e+00 -8.502159e+00  0.000000e+00
   endloop
 endfacet
 facet normal -6.909886e-01 -7.228655e-01  5.021396e-04
   outer loop
     vertex -8.727960e+00 -8.948336e+00  0.000000e+00
     vertex -8.468525e+00 -9.194241e+00  3.006343e+00
     vertex -8.803107e+00 -8.874419e+00  3.000000e+00
   endloop
 endfacet
 facet normal -6.651570e-01 -7.467033e-01  5.301696e-04
   outer loop
     vertex -8.271073e+00 -9.372265e+00  0.000000e+00
     vertex -8.157640e+00 -9.471162e+00  3.025546e+00
     vertex -8.468525e+00 -9.194241e+00  3.006343e+00
   endloop
 endfacet
 facet normal -6.801722e-01 -7.330513e-01 -1.264427e-03
   outer loop
     vertex -8.271073e+00 -9.372265e+00  0.000000e+00
     vertex -8.468525e+00 -9.194241e+00  3.006343e+00
     vertex -8.727960e+00 -8.948336e+00  0.000000e+00
   endloop
 endfacet
 facet normal -6.422653e-01 -7.664819e-01 -8.342409e-04
   outer loop
     vertex -7.793623e+00 -9.772894e+00  0.000000e+00
     vertex -7.898857e+00 -9.688037e+00  3.053492e+00
     vertex -8.157640e+00 -9.471162e+00  3.025546e+00
   endloop
 endfacet
 facet normal -6.224803e-01 -7.826354e-01  2.965300e-04
   outer loop
     vertex -7.793623e+00 -9.772894e+00  0.000000e+00
     vertex -7.661296e+00 -9.876971e+00  3.090570e+00
     vertex -7.898857e+00 -9.688037e+00  3.053492e+00
   endloop
 endfacet
 facet normal -6.427873e-01 -7.660441e-01 -9.407119e-04
   outer loop
     vertex -7.793623e+00 -9.772894e+00  0.000000e+00
     vertex -8.157640e+00 -9.471162e+00  3.025546e+00
     vertex -8.271073e+00 -9.372265e+00  0.000000e+00
   endloop
 endfacet
 facet normal -5.154693e-01 -8.568998e-01 -3.766898e-03
   outer loop
     vertex -6.394278e+00 -1.074073e+01  3.532372e+00
     vertex -6.443412e+00 -1.071132e+01  3.567197e+00
     vertex -6.492410e+00 -1.068169e+01  3.532372e+00
   endloop
 endfacet
 facet normal -5.154347e-01 -8.568423e-01 -1.218135e-02
   outer loop
     vertex -6.343964e+00 -1.077052e+01  3.499158e+00
     vertex -6.492410e+00 -1.068169e+01  3.532372e+00
     vertex -6.542307e+00 -1.065121e+01  3.499158e+00
   endloop
 endfacet
 facet normal -5.154347e-01 -8.568423e-01 -1.218135e-02
   outer loop
     vertex -6.343964e+00 -1.077052e+01  3.499158e+00
     vertex -6.394278e+00 -1.074073e+01  3.532372e+00
     vertex -6.492410e+00 -1.068169e+01  3.532372e+00
   endloop
 endfacet
 facet normal -6.041389e-01 -7.968783e-01 -1.053143e-03
   outer loop
     vertex -7.296796e+00 -1.014923e+01  0.000000e+00
     vertex -7.444769e+00 -1.004119e+01  3.135597e+00
     vertex -7.661296e+00 -9.876971e+00  3.090570e+00
   endloop
 endfacet
 facet normal -5.885663e-01 -8.084490e-01  8.042216e-05
   outer loop
     vertex -7.296796e+00 -1.014923e+01  0.000000e+00
     vertex -7.268486e+00 -1.016952e+01  3.181528e+00
     vertex -7.444769e+00 -1.004119e+01  3.135597e+00
   endloop
 endfacet
 facet normal -5.751379e-01 -8.180565e-01 -1.003485e-04
   outer loop
     vertex -7.296796e+00 -1.014923e+01  0.000000e+00
     vertex -7.110055e+00 -1.028091e+01  3.231102e+00
     vertex -7.268486e+00 -1.016952e+01  3.181528e+00
   endloop
 endfacet
 facet normal -6.038041e-01 -7.971321e-01 -9.913038e-04
   outer loop
     vertex -7.296796e+00 -1.014923e+01  0.000000e+00
     vertex -7.661296e+00 -9.876971e+00  3.090570e+00
     vertex -7.793623e+00 -9.772894e+00  0.000000e+00
   endloop
 endfacet
 facet normal -5.628812e-01 -8.265372e-01 -1.051986e-03
   outer loop
     vertex -6.781828e+00 -1.050032e+01  0.000000e+00
     vertex -6.968257e+00 -1.037754e+01  3.283223e+00
     vertex -7.110055e+00 -1.028091e+01  3.231102e+00
   endloop
 endfacet
 facet normal -5.523526e-01 -8.336105e-01 -1.896324e-04
   outer loop
     vertex -6.781828e+00 -1.050032e+01  0.000000e+00
     vertex -6.841696e+00 -1.046141e+01  3.336964e+00
     vertex -6.968257e+00 -1.037754e+01  3.283223e+00
   endloop
 endfacet
 facet normal -5.428647e-01 -8.398201e-01  5.299475e-05
   outer loop
     vertex -6.781828e+00 -1.050032e+01  0.000000e+00
     vertex -6.729271e+00 -1.053408e+01  3.391395e+00
     vertex -6.841696e+00 -1.046141e+01  3.336964e+00
   endloop
 endfacet
 facet normal -5.343184e-01 -8.452833e-01 -1.338334e-04
   outer loop
     vertex -6.781828e+00 -1.050032e+01  0.000000e+00
     vertex -6.629854e+00 -1.059694e+01  3.445693e+00
     vertex -6.729271e+00 -1.053408e+01  3.391395e+00
   endloop
 endfacet
 facet normal -5.633197e-01 -8.262383e-01 -1.116832e-03
   outer loop
     vertex -6.781828e+00 -1.050032e+01  0.000000e+00
     vertex -7.110055e+00 -1.028091e+01  3.231102e+00
     vertex -7.296796e+00 -1.014923e+01  0.000000e+00
   endloop
 endfacet
 facet normal -5.261658e-01 -8.503804e-01 -1.640981e-03
   outer loop
     vertex -6.250000e+00 -1.082532e+01  0.000000e+00
     vertex -6.542307e+00 -1.065121e+01  3.499158e+00
     vertex -6.629854e+00 -1.059694e+01  3.445693e+00
   endloop
 endfacet
 facet normal -4.779079e-01 -8.784092e-01 -1.141148e-03
   outer loop
     vertex -6.250000e+00 -1.082532e+01  0.000000e+00
     vertex -5.902612e+00 -1.101858e+01  3.283223e+00
     vertex -6.036010e+00 -1.094608e+01  3.336964e+00
   endloop
 endfacet
 facet normal -4.876762e-01 -8.730245e-01 -3.198727e-04
   outer loop
     vertex -6.250000e+00 -1.082532e+01  0.000000e+00
     vertex -6.036010e+00 -1.094608e+01  3.336964e+00
     vertex -6.152887e+00 -1.088081e+01  3.391395e+00
   endloop
 endfacet
 facet normal -4.963181e-01 -8.681407e-01  7.496963e-06
   outer loop
     vertex -6.250000e+00 -1.082532e+01  0.000000e+00
     vertex -6.152887e+00 -1.088081e+01  3.391395e+00
     vertex -6.254996e+00 -1.082243e+01  3.445693e+00
   endloop
 endfacet
 facet normal -5.039662e-01 -8.637234e-01 -7.291800e-06
   outer loop
     vertex -6.250000e+00 -1.082532e+01  0.000000e+00
     vertex -6.254996e+00 -1.082243e+01  3.445693e+00
     vertex -6.343964e+00 -1.077052e+01  3.499158e+00
   endloop
 endfacet
 facet normal -5.154729e-01 -8.569058e-01 -4.230449e-04
   outer loop
     vertex -6.250000e+00 -1.082532e+01  0.000000e+00
     vertex -6.343964e+00 -1.077052e+01  3.499158e+00
     vertex -6.542307e+00 -1.065121e+01  3.499158e+00
   endloop
 endfacet
 facet normal -5.214350e-01 -8.532905e-01 -9.265710e-04
   outer loop
     vertex -6.250000e+00 -1.082532e+01  0.000000e+00
     vertex -6.629854e+00 -1.059694e+01  3.445693e+00
     vertex -6.781828e+00 -1.050032e+01  0.000000e+00
   endloop
 endfacet
 facet normal -4.782537e-01 -8.782210e-01 -1.093490e-03
   outer loop
     vertex -5.702633e+00 -1.112340e+01  0.000000e+00
     vertex -5.902612e+00 -1.101858e+01  3.283223e+00
     vertex -6.250000e+00 -1.082532e+01  0.000000e+00
   endloop
 endfacet
 facet normal -4.385480e-01 -8.987076e-01 -6.212277e-04
   outer loop
     vertex -5.702633e+00 -1.112340e+01  0.000000e+00
     vertex -5.382185e+00 -1.128194e+01  3.135597e+00
     vertex -5.578159e+00 -1.118634e+01  3.181528e+00
   endloop
 endfacet
 facet normal -4.531506e-01 -8.914340e-01  9.397684e-05
   outer loop
     vertex -5.702633e+00 -1.112340e+01  0.000000e+00
     vertex -5.578159e+00 -1.118634e+01  3.181528e+00
     vertex -5.750802e+00 -1.109857e+01  3.231102e+00
   endloop
 endfacet
 facet normal -4.661887e-01 -8.846853e-01 -1.522483e-04
   outer loop
     vertex -5.702633e+00 -1.112340e+01  0.000000e+00
     vertex -5.750802e+00 -1.109857e+01  3.231102e+00
     vertex -5.902612e+00 -1.101858e+01  3.283223e+00
   endloop
 endfacet
 facet normal -3.997555e-01 -9.166218e-01 -2.387547e-05
   outer loop
     vertex -5.141089e+00 -1.139382e+01  0.000000e+00
     vertex -4.857430e+00 -1.151761e+01  3.053492e+00
     vertex -5.135654e+00 -1.139627e+01  3.090570e+00
   endloop
 endfacet
 facet normal -4.207354e-01 -9.071834e-01  2.050075e-05
   outer loop
     vertex -5.141089e+00 -1.139382e+01  0.000000e+00
     vertex -5.135654e+00 -1.139627e+01  3.090570e+00
     vertex -5.382185e+00 -1.128194e+01  3.135597e+00
   endloop
 endfacet
 facet normal -4.338834e-01 -9.009682e-01 -1.212231e-03
   outer loop
     vertex -5.141089e+00 -1.139382e+01  0.000000e+00
     vertex -5.382185e+00 -1.128194e+01  3.135597e+00
     vertex -5.702633e+00 -1.112340e+01  0.000000e+00
   endloop
 endfacet
 facet normal -3.480081e-01 -9.374915e-01 -1.385732e-04
   outer loop
     vertex -4.566763e+00 -1.163592e+01  0.000000e+00
     vertex -4.154267e+00 -1.178949e+01  3.006343e+00
     vertex -4.544579e+00 -1.164460e+01  3.025546e+00
   endloop
 endfacet
 facet normal -3.761071e-01 -9.265762e-01  9.877238e-05
   outer loop
     vertex -4.566763e+00 -1.163592e+01  0.000000e+00
     vertex -4.544579e+00 -1.164460e+01  3.025546e+00
     vertex -4.857430e+00 -1.151761e+01  3.053492e+00
   endloop
 endfacet
 facet normal -3.884345e-01 -9.214755e-01 -1.272324e-03
   outer loop
     vertex -4.566763e+00 -1.163592e+01  0.000000e+00
     vertex -4.857430e+00 -1.151761e+01  3.053492e+00
     vertex -5.141089e+00 -1.139382e+01  0.000000e+00
   endloop
 endfacet
 facet normal -3.148138e-01 -9.491532e-01  6.822087e-04
   outer loop
     vertex -3.981083e+00 -1.184909e+01  0.000000e+00
     vertex -3.714952e+00 -1.193521e+01  3.000000e+00
     vertex -4.154267e+00 -1.178949e+01  3.006343e+00
   endloop
 endfacet
 facet normal -3.420199e-01 -9.396921e-01 -1.072608e-03
   outer loop
     vertex -3.981083e+00 -1.184909e+01  0.000000e+00
     vertex -4.154267e+00 -1.178949e+01  3.006343e+00
     vertex -4.566763e+00 -1.163592e+01  0.000000e+00
   endloop
 endfacet
 facet normal -2.745340e-01 -9.615767e-01  1.134444e-03
   outer loop
     vertex -3.385506e+00 -1.203280e+01  0.000000e+00
     vertex -3.146484e+00 -1.209751e+01  3.000000e+00
     vertex -3.714952e+00 -1.193521e+01  3.000000e+00
   endloop
 endfacet
 facet normal -2.947549e-01 -9.555720e-01 -1.281469e-03
   outer loop
     vertex -3.385506e+00 -1.203280e+01  0.000000e+00
     vertex -3.714952e+00 -1.193521e+01  3.000000e+00
     vertex -3.981083e+00 -1.184909e+01  0.000000e+00
   endloop
 endfacet
 facet normal -2.287623e-01 -9.734817e-01  1.079638e-03
   outer loop
     vertex -2.781512e+00 -1.218660e+01  0.000000e+00
     vertex -2.570979e+00 -1.223275e+01  3.000000e+00
     vertex -3.146484e+00 -1.209751e+01  3.000000e+00
   endloop
 endfacet
 facet normal -2.467572e-01 -9.690765e-01 -1.240396e-03
   outer loop
     vertex -2.781512e+00 -1.218660e+01  0.000000e+00
     vertex -3.146484e+00 -1.209751e+01  3.000000e+00
     vertex -3.385506e+00 -1.203280e+01  0.000000e+00
   endloop
 endfacet
 facet normal -1.824790e-01 -9.832093e-01  9.973647e-04
   outer loop
     vertex -2.170602e+00 -1.231010e+01  0.000000e+00
     vertex -1.989722e+00 -1.234062e+01  3.000000e+00
     vertex -2.570979e+00 -1.223275e+01  3.000000e+00
   endloop
 endfacet
 facet normal -1.981460e-01 -9.801718e-01 -1.171857e-03
   outer loop
     vertex -2.170602e+00 -1.231010e+01  0.000000e+00
     vertex -2.570979e+00 -1.223275e+01  3.000000e+00
     vertex -2.781512e+00 -1.218660e+01  0.000000e+00
   endloop
 endfacet
 facet normal -1.357874e-01 -9.907376e-01  8.876253e-04
   outer loop
     vertex -1.554296e+00 -1.240299e+01  0.000000e+00
     vertex -1.404015e+00 -1.242090e+01  3.000000e+00
     vertex -1.989722e+00 -1.234062e+01  3.000000e+00
   endloop
 endfacet
 facet normal -1.490422e-01 -9.888303e-01 -1.075851e-03
   outer loop
     vertex -1.554296e+00 -1.240299e+01  0.000000e+00
     vertex -1.989722e+00 -1.234062e+01  3.000000e+00
     vertex -2.170602e+00 -1.231010e+01  0.000000e+00
   endloop
 endfacet
 facet normal -9.956780e-02 -9.950303e-01 -9.523782e-04
   outer loop
     vertex -9.341262e-01 -1.246505e+01  0.000000e+00
     vertex -1.404015e+00 -1.242090e+01  3.000000e+00
     vertex -1.554296e+00 -1.240299e+01  0.000000e+00
   endloop
 endfacet
 facet normal -8.879210e-02 -9.960499e-01  7.504201e-04
   outer loop
     vertex -9.341262e-01 -1.246505e+01  0.000000e+00
     vertex -8.151674e-01 -1.247339e+01  3.000000e+00
     vertex -1.404015e+00 -1.242090e+01  3.000000e+00
   endloop
 endfacet
 facet normal -4.984587e-02 -9.987566e-01 -8.014405e-04
   outer loop
     vertex -3.116336e-01 -1.249611e+01  0.000000e+00
     vertex -8.151674e-01 -1.247339e+01  3.000000e+00
     vertex -9.341262e-01 -1.246505e+01  0.000000e+00
   endloop
 endfacet
 facet normal -4.159818e-02 -9.991342e-01  5.857501e-04
   outer loop
     vertex -3.116336e-01 -1.249611e+01  0.000000e+00
     vertex -2.244965e-01 -1.249798e+01  3.000000e+00
     vertex -8.151674e-01 -1.247339e+01  3.000000e+00
   endloop
 endfacet
 facet normal  8.550215e-15 -9.999998e-01 -6.230385e-04
   outer loop
     vertex  3.116336e-01 -1.249611e+01  0.000000e+00
     vertex -2.244965e-01 -1.249798e+01  3.000000e+00
     vertex -3.116336e-01 -1.249611e+01  0.000000e+00
   endloop
 endfacet
 facet normal  5.688795e-03 -9.999837e-01  3.936163e-04
   outer loop
     vertex  3.116336e-01 -1.249611e+01  0.000000e+00
     vertex  3.666766e-01 -1.249462e+01  3.000000e+00
     vertex -2.244965e-01 -1.249798e+01  3.000000e+00
   endloop
 endfacet
 facet normal  4.984588e-02 -9.987568e-01 -4.171733e-04
   outer loop
     vertex  9.341262e-01 -1.246505e+01  0.000000e+00
     vertex  3.666766e-01 -1.249462e+01  3.000000e+00
     vertex  3.116336e-01 -1.249611e+01  0.000000e+00
   endloop
 endfacet
 facet normal  5.296305e-02 -9.985965e-01  1.740199e-04
   outer loop
     vertex  9.341262e-01 -1.246505e+01  0.000000e+00
     vertex  9.570295e-01 -1.246331e+01  3.000000e+00
     vertex  3.666766e-01 -1.249462e+01  3.000000e+00
   endloop
 endfacet
 facet normal  9.956784e-02 -9.950308e-01 -1.838462e-04
   outer loop
     vertex  1.554296e+00 -1.240299e+01  0.000000e+00
     vertex  9.570295e-01 -1.246331e+01  3.000000e+00
     vertex  9.341262e-01 -1.246505e+01  0.000000e+00
   endloop
 endfacet
 facet normal  1.001188e-01 -9.949755e-01 -7.303748e-05
   outer loop
     vertex  1.554296e+00 -1.240299e+01  0.000000e+00
     vertex  1.545242e+00 -1.240412e+01  3.000000e+00
     vertex  9.570295e-01 -1.246331e+01  3.000000e+00
   endloop
 endfacet
 facet normal  1.470507e-01 -9.891290e-01  7.081766e-05
   outer loop
     vertex  1.554296e+00 -1.240299e+01  0.000000e+00
     vertex  2.129998e+00 -1.231719e+01  3.000000e+00
     vertex  1.545242e+00 -1.240412e+01  3.000000e+00
   endloop
 endfacet
 facet normal  1.936536e-01 -9.810699e-01  3.022597e-04
   outer loop
     vertex  2.170602e+00 -1.231010e+01  0.000000e+00
     vertex  2.709989e+00 -1.220270e+01  3.000000e+00
     vertex  2.129998e+00 -1.231719e+01  3.000000e+00
   endloop
 endfacet
 facet normal  1.490423e-01 -9.888308e-01 -3.198938e-04
   outer loop
     vertex  2.170602e+00 -1.231010e+01  0.000000e+00
     vertex  2.129998e+00 -1.231719e+01  3.000000e+00
     vertex  1.554296e+00 -1.240299e+01  0.000000e+00
   endloop
 endfacet
 facet normal  1.981461e-01 -9.801723e-01 -5.376051e-04
   outer loop
     vertex  2.781512e+00 -1.218660e+01  0.000000e+00
     vertex  2.709989e+00 -1.220270e+01  3.000000e+00
     vertex  2.170602e+00 -1.231010e+01  0.000000e+00
   endloop
 endfacet
 facet normal  2.398233e-01 -9.708164e-01  5.062399e-04
   outer loop
     vertex  2.781512e+00 -1.218660e+01  0.000000e+00
     vertex  3.283919e+00 -1.206092e+01  3.000000e+00
     vertex  2.709989e+00 -1.220270e+01  3.000000e+00
   endloop
 endfacet
 facet normal  2.467573e-01 -9.690770e-01 -7.278537e-04
   outer loop
     vertex  3.385506e+00 -1.203280e+01  0.000000e+00
     vertex  3.283919e+00 -1.206092e+01  3.000000e+00
     vertex  2.781512e+00 -1.218660e+01  0.000000e+00
   endloop
 endfacet
 facet normal  2.805256e-01 -9.598464e-01  5.021396e-04
   outer loop
     vertex  3.385506e+00 -1.203280e+01  0.000000e+00
     vertex  3.728184e+00 -1.193108e+01  3.006343e+00
     vertex  3.283919e+00 -1.206092e+01  3.000000e+00
   endloop
 endfacet
 facet normal  2.947549e-01 -9.555720e-01 -1.264427e-03
   outer loop
     vertex  3.981083e+00 -1.184909e+01  0.000000e+00
     vertex  3.728184e+00 -1.193108e+01  3.006343e+00
     vertex  3.385506e+00 -1.203280e+01  0.000000e+00
   endloop
 endfacet
 facet normal  3.140856e-01 -9.493945e-01  5.301696e-04
   outer loop
     vertex  3.981083e+00 -1.184909e+01  0.000000e+00
     vertex  4.123447e+00 -1.180030e+01  3.025546e+00
     vertex  3.728184e+00 -1.193108e+01  3.006343e+00
   endloop
 endfacet
 facet normal  3.420200e-01 -9.396922e-01 -9.407119e-04
   outer loop
     vertex  4.566763e+00 -1.163592e+01  0.000000e+00
     vertex  4.123447e+00 -1.180030e+01  3.025546e+00
     vertex  3.981083e+00 -1.184909e+01  0.000000e+00
   endloop
 endfacet
 facet normal  3.426602e-01 -9.394590e-01 -8.342410e-04
   outer loop
     vertex  4.566763e+00 -1.163592e+01  0.000000e+00
     vertex  4.440657e+00 -1.168463e+01  3.053492e+00
     vertex  4.123447e+00 -1.180030e+01  3.025546e+00
   endloop
 endfacet
 facet normal  3.665419e-01 -9.304015e-01  2.965300e-04
   outer loop
     vertex  4.566763e+00 -1.163592e+01  0.000000e+00
     vertex  4.723059e+00 -1.157336e+01  3.090570e+00
     vertex  4.440657e+00 -1.168463e+01  3.053492e+00
   endloop
 endfacet
 facet normal  4.843297e-01 -8.748008e-01 -1.218106e-02
   outer loop
     vertex  6.104609e+00 -1.090797e+01  3.532368e+00
     vertex  6.004414e+00 -1.096344e+01  3.532372e+00
     vertex  5.953063e+00 -1.099141e+01  3.499158e+00
   endloop
 endfacet
 facet normal  4.843625e-01 -8.748593e-01 -3.767101e-03
   outer loop
     vertex  6.104609e+00 -1.090797e+01  3.532368e+00
     vertex  6.054572e+00 -1.093582e+01  3.567197e+00
     vertex  6.004414e+00 -1.096344e+01  3.532372e+00
   endloop
 endfacet
 facet normal  4.843300e-01 -8.748006e-01 -1.218263e-02
   outer loop
     vertex  6.155575e+00 -1.087929e+01  3.499150e+00
     vertex  6.104609e+00 -1.090797e+01  3.532368e+00
     vertex  5.953063e+00 -1.099141e+01  3.499158e+00
   endloop
 endfacet
 facet normal  3.884346e-01 -9.214758e-01 -9.913037e-04
   outer loop
     vertex  5.141089e+00 -1.139382e+01  0.000000e+00
     vertex  4.723059e+00 -1.157336e+01  3.090570e+00
     vertex  4.566763e+00 -1.163592e+01  0.000000e+00
   endloop
 endfacet
 facet normal  3.880474e-01 -9.216388e-01 -1.053143e-03
   outer loop
     vertex  5.141089e+00 -1.139382e+01  0.000000e+00
     vertex  4.973538e+00 -1.146795e+01  3.135597e+00
     vertex  4.723059e+00 -1.157336e+01  3.090570e+00
   endloop
 endfacet
 facet normal  4.058542e-01 -9.139378e-01  8.042209e-05
   outer loop
     vertex  5.141089e+00 -1.139382e+01  0.000000e+00
     vertex  5.172819e+00 -1.137945e+01  3.181528e+00
     vertex  4.973538e+00 -1.146795e+01  3.135597e+00
   endloop
 endfacet
 facet normal  4.208887e-01 -9.071123e-01 -1.003484e-04
   outer loop
     vertex  5.141089e+00 -1.139382e+01  0.000000e+00
     vertex  5.348502e+00 -1.129794e+01  3.231102e+00
     vertex  5.172819e+00 -1.137945e+01  3.181528e+00
   endloop
 endfacet
 facet normal  4.343616e-01 -9.007380e-01 -1.051987e-03
   outer loop
     vertex  5.702633e+00 -1.112340e+01  0.000000e+00
     vertex  5.503087e+00 -1.122346e+01  3.283223e+00
     vertex  5.348502e+00 -1.129794e+01  3.231102e+00
   endloop
 endfacet
 facet normal  4.338835e-01 -9.009683e-01 -1.116832e-03
   outer loop
     vertex  5.702633e+00 -1.112340e+01  0.000000e+00
     vertex  5.348502e+00 -1.129794e+01  3.231102e+00
     vertex  5.141089e+00 -1.139382e+01  0.000000e+00
   endloop
 endfacet
 facet normal  4.457516e-01 -8.951567e-01 -1.896325e-04
   outer loop
     vertex  5.702633e+00 -1.112340e+01  0.000000e+00
     vertex  5.639002e+00 -1.115579e+01  3.336964e+00
     vertex  5.503087e+00 -1.122346e+01  3.283223e+00
   endloop
 endfacet
 facet normal  4.558732e-01 -8.900447e-01  5.299473e-05
   outer loop
     vertex  5.702633e+00 -1.112340e+01  0.000000e+00
     vertex  5.758149e+00 -1.109476e+01  3.391395e+00
     vertex  5.639002e+00 -1.115579e+01  3.336964e+00
   endloop
 endfacet
 facet normal  4.648776e-01 -8.853749e-01 -1.338334e-04
   outer loop
     vertex  5.702633e+00 -1.112340e+01  0.000000e+00
     vertex  5.862288e+00 -1.104009e+01  3.445693e+00
     vertex  5.758149e+00 -1.109476e+01  3.391395e+00
   endloop
 endfacet
 facet normal  4.733681e-01 -8.808632e-01 -1.640981e-03
   outer loop
     vertex  6.250000e+00 -1.082532e+01  0.000000e+00
     vertex  5.953063e+00 -1.099141e+01  3.499158e+00
     vertex  5.862288e+00 -1.104009e+01  3.445693e+00
   endloop
 endfacet
 facet normal  4.782538e-01 -8.782212e-01 -9.265710e-04
   outer loop
     vertex  6.250000e+00 -1.082532e+01  0.000000e+00
     vertex  5.862288e+00 -1.104009e+01  3.445693e+00
     vertex  5.702633e+00 -1.112340e+01  0.000000e+00
   endloop
 endfacet
 facet normal  5.217753e-01 -8.530822e-01 -1.141658e-03
   outer loop
     vertex  6.250000e+00 -1.082532e+01  0.000000e+00
     vertex  6.591132e+00 -1.062106e+01  3.283198e+00
     vertex  6.461629e+00 -1.070034e+01  3.336940e+00
   endloop
 endfacet
 facet normal  4.843662e-01 -8.748652e-01 -4.229932e-04
   outer loop
     vertex  6.250000e+00 -1.082532e+01  0.000000e+00
     vertex  6.155575e+00 -1.087929e+01  3.499150e+00
     vertex  5.953063e+00 -1.099141e+01  3.499158e+00
   endloop
 endfacet
 facet normal  5.122270e-01 -8.588500e-01 -3.200866e-04
   outer loop
     vertex  6.250000e+00 -1.082532e+01  0.000000e+00
     vertex  6.461629e+00 -1.070034e+01  3.336940e+00
     vertex  6.346651e+00 -1.076894e+01  3.391375e+00
   endloop
 endfacet
 facet normal  5.036755e-01 -8.638929e-01  7.461652e-06
   outer loop
     vertex  6.250000e+00 -1.082532e+01  0.000000e+00
     vertex  6.346651e+00 -1.076894e+01  3.391375e+00
     vertex  6.245027e+00 -1.082819e+01  3.445679e+00
   endloop
 endfacet
 facet normal  4.960247e-01 -8.683084e-01 -7.256162e-06
   outer loop
     vertex  6.250000e+00 -1.082532e+01  0.000000e+00
     vertex  6.245027e+00 -1.082819e+01  3.445679e+00
     vertex  6.155575e+00 -1.087929e+01  3.499150e+00
   endloop
 endfacet
 facet normal  5.214349e-01 -8.532904e-01 -1.093335e-03
   outer loop
     vertex  6.781828e+00 -1.050032e+01  0.000000e+00
     vertex  6.591132e+00 -1.062106e+01  3.283198e+00
     vertex  6.250000e+00 -1.082532e+01  0.000000e+00
   endloop
 endfacet
 facet normal  5.590341e-01 -8.291444e-01 -6.216650e-04
   outer loop
     vertex  6.781828e+00 -1.050032e+01  0.000000e+00
     vertex  7.079404e+00 -1.030204e+01  3.135585e+00
     vertex  6.898633e+00 -1.042396e+01  3.181511e+00
   endloop
 endfacet
 facet normal  5.454342e-01 -8.381536e-01  9.388953e-05
   outer loop
     vertex  6.781828e+00 -1.050032e+01  0.000000e+00
     vertex  6.898633e+00 -1.042396e+01  3.181511e+00
     vertex  6.736309e+00 -1.052958e+01  3.231080e+00
   endloop
 endfacet
 facet normal  5.330709e-01 -8.460706e-01 -1.519771e-04
   outer loop
     vertex  6.781828e+00 -1.050032e+01  0.000000e+00
     vertex  6.736309e+00 -1.052958e+01  3.231080e+00
     vertex  6.591132e+00 -1.062106e+01  3.283198e+00
   endloop
 endfacet
 facet normal  5.939432e-01 -8.045069e-01 -2.410230e-05
   outer loop
     vertex  7.296796e+00 -1.014923e+01  0.000000e+00
     vertex  7.545865e+00 -9.965436e+00  3.053488e+00
     vertex  7.301681e+00 -1.014571e+01  3.090562e+00
   endloop
 endfacet
 facet normal  5.752802e-01 -8.179564e-01  2.068745e-05
   outer loop
     vertex  7.296796e+00 -1.014923e+01  0.000000e+00
     vertex  7.301681e+00 -1.014571e+01  3.090562e+00
     vertex  7.079404e+00 -1.030204e+01  3.135585e+00
   endloop
 endfacet
 facet normal  5.633196e-01 -8.262382e-01 -1.212160e-03
   outer loop
     vertex  7.296796e+00 -1.014923e+01  0.000000e+00
     vertex  7.079404e+00 -1.030204e+01  3.135585e+00
     vertex  6.781828e+00 -1.050032e+01  0.000000e+00
   endloop
 endfacet
 facet normal  6.378889e-01 -7.701284e-01 -1.387667e-04
   outer loop
     vertex  7.793623e+00 -9.772894e+00  0.000000e+00
     vertex  8.132877e+00 -9.492435e+00  3.006343e+00
     vertex  7.812258e+00 -9.758003e+00  3.025544e+00
   endloop
 endfacet
 facet normal  6.143874e-01 -7.890045e-01  9.889235e-05
   outer loop
     vertex  7.793623e+00 -9.772894e+00  0.000000e+00
     vertex  7.812258e+00 -9.758003e+00  3.025544e+00
     vertex  7.545865e+00 -9.965436e+00  3.053488e+00
   endloop
 endfacet
 facet normal  6.038039e-01 -7.971319e-01 -1.272329e-03
   outer loop
     vertex  7.793623e+00 -9.772894e+00  0.000000e+00
     vertex  7.545865e+00 -9.965436e+00  3.053488e+00
     vertex  7.296796e+00 -1.014923e+01  0.000000e+00
   endloop
 endfacet
 facet normal  6.427872e-01 -7.660440e-01 -1.072551e-03
   outer loop
     vertex  8.271073e+00 -9.372265e+00  0.000000e+00
     vertex  8.132877e+00 -9.492435e+00  3.006343e+00
     vertex  7.793623e+00 -9.772894e+00  0.000000e+00
   endloop
 endfacet
 facet normal  6.645844e-01 -7.472129e-01  6.821454e-04
   outer loop
     vertex  8.271073e+00 -9.372265e+00  0.000000e+00
     vertex  8.478715e+00 -9.184846e+00  3.000000e+00
     vertex  8.132877e+00 -9.492435e+00  3.006343e+00
   endloop
 endfacet
 facet normal  6.801722e-01 -7.330513e-01 -1.281469e-03
   outer loop
     vertex  8.727960e+00 -8.948336e+00  0.000000e+00
     vertex  8.478715e+00 -9.184846e+00  3.000000e+00
     vertex  8.271073e+00 -9.372265e+00  0.000000e+00
   endloop
 endfacet
 facet normal  6.954828e-01 -7.185418e-01  1.134444e-03
   outer loop
     vertex  8.727960e+00 -8.948336e+00  0.000000e+00
     vertex  8.903505e+00 -8.773688e+00  3.000000e+00
     vertex  8.478715e+00 -9.184846e+00  3.000000e+00
   endloop
 endfacet
 facet normal  7.158663e-01 -6.982363e-01 -1.240396e-03
   outer loop
     vertex  9.163148e+00 -8.502159e+00  0.000000e+00
     vertex  8.903505e+00 -8.773688e+00  3.000000e+00
     vertex  8.727960e+00 -8.948336e+00  0.000000e+00
   endloop
 endfacet
 facet normal  7.286787e-01 -6.848549e-01  1.079638e-03
   outer loop
     vertex  9.163148e+00 -8.502159e+00  0.000000e+00
     vertex  9.308379e+00 -8.342906e+00  3.000000e+00
     vertex  8.903505e+00 -8.773688e+00  3.000000e+00
   endloop
 endfacet
 facet normal  7.497807e-01 -6.616854e-01 -1.171857e-03
   outer loop
     vertex  9.575556e+00 -8.034845e+00  0.000000e+00
     vertex  9.308379e+00 -8.342906e+00  3.000000e+00
     vertex  9.163148e+00 -8.502159e+00  0.000000e+00
   endloop
 endfacet
 facet normal  7.602447e-01 -6.496360e-01  9.973647e-04
   outer loop
     vertex  9.575556e+00 -8.034845e+00  0.000000e+00
     vertex  9.692433e+00 -7.893462e+00  3.000000e+00
     vertex  9.308379e+00 -8.342906e+00  3.000000e+00
   endloop
 endfacet
 facet normal  7.818310e-01 -6.234894e-01 -1.075851e-03
   outer loop
     vertex  9.964156e+00 -7.547555e+00  0.000000e+00
     vertex  9.692433e+00 -7.893462e+00  3.000000e+00
     vertex  9.575556e+00 -8.034845e+00  0.000000e+00
   endloop
 endfacet
 facet normal  7.901102e-01 -6.129641e-01  8.876253e-04
   outer loop
     vertex  9.964156e+00 -7.547555e+00  0.000000e+00
     vertex  1.005481e+01 -7.426362e+00  3.000000e+00
     vertex  9.692433e+00 -7.893462e+00  3.000000e+00
   endloop
 endfacet
 facet normal  8.119376e-01 -5.837434e-01 -9.523782e-04
   outer loop
     vertex  1.032798e+01 -7.041501e+00  0.000000e+00
     vertex  1.005481e+01 -7.426362e+00  3.000000e+00
     vertex  9.964156e+00 -7.547555e+00  0.000000e+00
   endloop
 endfacet
 facet normal  8.182085e-01 -5.749212e-01  7.504201e-04
   outer loop
     vertex  1.032798e+01 -7.041501e+00  0.000000e+00
     vertex  1.039469e+01 -6.942652e+00  3.000000e+00
     vertex  1.005481e+01 -7.426362e+00  3.000000e+00
   endloop
 endfacet
 facet normal  8.400257e-01 -5.425461e-01 -8.014405e-04
   outer loop
     vertex  1.066614e+01 -6.517940e+00  0.000000e+00
     vertex  1.039469e+01 -6.942652e+00  3.000000e+00
     vertex  1.032798e+01 -7.041501e+00  0.000000e+00
   endloop
 endfacet
 facet normal  8.444766e-01 -5.355922e-01  5.857501e-04
   outer loop
     vertex  1.066614e+01 -6.517940e+00  0.000000e+00
     vertex  1.071132e+01 -6.443412e+00  3.000000e+00
     vertex  1.039469e+01 -6.942652e+00  3.000000e+00
   endloop
 endfacet
 facet normal  8.660252e-01 -4.999999e-01 -6.230385e-04
   outer loop
     vertex  1.097777e+01 -5.978175e+00  0.000000e+00
     vertex  1.071132e+01 -6.443412e+00  3.000000e+00
     vertex  1.066614e+01 -6.517940e+00  0.000000e+00
   endloop
 endfacet
 facet normal  8.688557e-01 -4.950652e-01  3.936163e-04
   outer loop
     vertex  1.097777e+01 -5.978175e+00  0.000000e+00
     vertex  1.100400e+01 -5.929759e+00  3.000000e+00
     vertex  1.071132e+01 -6.443412e+00  3.000000e+00
   endloop
 endfacet
 facet normal  8.898717e-01 -4.562106e-01 -4.171733e-04
   outer loop
     vertex  1.126211e+01 -5.423547e+00  0.000000e+00
     vertex  1.100400e+01 -5.929759e+00  3.000000e+00
     vertex  1.097777e+01 -5.978175e+00  0.000000e+00
   endloop
 endfacet
 facet normal  8.912914e-01 -4.534309e-01  1.740199e-04
   outer loop
     vertex  1.126211e+01 -5.423547e+00  0.000000e+00
     vertex  1.127206e+01 -5.402843e+00  3.000000e+00
     vertex  1.100400e+01 -5.929759e+00  3.000000e+00
   endloop
 endfacet
 facet normal  9.115058e-01 -4.112871e-01 -1.838462e-04
   outer loop
     vertex  1.151845e+01 -4.855435e+00  0.000000e+00
     vertex  1.127206e+01 -5.402843e+00  3.000000e+00
     vertex  1.126211e+01 -5.423547e+00  0.000000e+00
   endloop
 endfacet
 facet normal  9.117335e-01 -4.107823e-01 -7.303748e-05
   outer loop
     vertex  1.151845e+01 -4.855435e+00  0.000000e+00
     vertex  1.151491e+01 -4.863842e+00  3.000000e+00
     vertex  1.127206e+01 -5.402843e+00  3.000000e+00
   endloop
 endfacet
 facet normal  9.301361e-01 -3.672148e-01  7.081766e-05
   outer loop
     vertex  1.151845e+01 -4.855435e+00  0.000000e+00
     vertex  1.173200e+01 -4.313962e+00  3.000000e+00
     vertex  1.151491e+01 -4.863842e+00  3.000000e+00
   endloop
 endfacet
 facet normal  9.308737e-01 -3.653410e-01 -3.198938e-04
   outer loop
     vertex  1.174616e+01 -4.275252e+00  0.000000e+00
     vertex  1.173200e+01 -4.313962e+00  3.000000e+00
     vertex  1.151845e+01 -4.855435e+00  0.000000e+00
   endloop
 endfacet
 facet normal  9.464583e-01 -3.228260e-01  3.022597e-04
   outer loop
     vertex  1.174616e+01 -4.275252e+00  0.000000e+00
     vertex  1.192285e+01 -3.754432e+00  3.000000e+00
     vertex  1.173200e+01 -4.313962e+00  3.000000e+00
   endloop
 endfacet
 facet normal  9.479272e-01 -3.184866e-01 -5.376051e-04
   outer loop
     vertex  1.194466e+01 -3.684440e+00  0.000000e+00
     vertex  1.192285e+01 -3.754432e+00  3.000000e+00
     vertex  1.174616e+01 -4.275252e+00  0.000000e+00
   endloop
 endfacet
 facet normal  9.606633e-01 -2.777151e-01  5.062399e-04
   outer loop
     vertex  1.194466e+01 -3.684440e+00  0.000000e+00
     vertex  1.208703e+01 -3.186505e+00  3.000000e+00
     vertex  1.192285e+01 -3.754432e+00  3.000000e+00
   endloop
 endfacet
 facet normal  9.626240e-01 -2.708404e-01 -7.278537e-04
   outer loop
     vertex  1.211347e+01 -3.084467e+00  0.000000e+00
     vertex  1.208703e+01 -3.186505e+00  3.000000e+00
     vertex  1.194466e+01 -3.684440e+00  0.000000e+00
   endloop
 endfacet
 facet normal  9.715141e-01 -2.369813e-01  5.021285e-04
   outer loop
     vertex  1.211347e+01 -3.084467e+00  0.000000e+00
     vertex  1.219671e+01 -2.736845e+00  3.006343e+00
     vertex  1.208703e+01 -3.186505e+00  3.000000e+00
   endloop
 endfacet
 facet normal  9.749271e-01 -2.225208e-01 -1.264437e-03
   outer loop
     vertex  1.225216e+01 -2.476827e+00  0.000000e+00
     vertex  1.219671e+01 -2.736845e+00  3.006343e+00
     vertex  1.211347e+01 -3.084467e+00  0.000000e+00
   endloop
 endfacet
 facet normal  9.792424e-01 -2.026921e-01  5.301324e-04
   outer loop
     vertex  1.225216e+01 -2.476827e+00  0.000000e+00
     vertex  1.228108e+01 -2.329157e+00  3.025545e+00
     vertex  1.219671e+01 -2.736845e+00  3.006343e+00
   endloop
 endfacet
 facet normal  9.848073e-01 -1.736481e-01 -9.406481e-04
   outer loop
     vertex  1.236039e+01 -1.863028e+00  0.000000e+00
     vertex  1.228108e+01 -2.329157e+00  3.025545e+00
     vertex  1.225216e+01 -2.476827e+00  0.000000e+00
   endloop
 endfacet
 facet normal  9.849252e-01 -1.729785e-01 -8.343962e-04
   outer loop
     vertex  1.236039e+01 -1.863028e+00  0.000000e+00
     vertex  1.233951e+01 -1.996613e+00  3.053490e+00
     vertex  1.228108e+01 -2.329157e+00  3.025545e+00
   endloop
 endfacet
 facet normal  9.890220e-01 -1.477680e-01  2.965300e-04
   outer loop
     vertex  1.236039e+01 -1.863028e+00  0.000000e+00
     vertex  1.238435e+01 -1.696417e+00  3.090566e+00
     vertex  1.233951e+01 -1.996613e+00  3.053490e+00
   endloop
 endfacet
 facet normal  9.997651e-01 -1.816106e-02 -1.182587e-02
   outer loop
     vertex  1.249908e+01 -1.514679e-01  3.523188e+00
     vertex  1.249682e+01 -2.817500e-01  3.532369e+00
     vertex  1.249537e+01 -3.402107e-01  3.499152e+00
   endloop
 endfacet
 facet normal  9.998353e-01 -1.763228e-02 -4.305202e-03
   outer loop
     vertex  1.249908e+01 -1.514679e-01  3.523188e+00
     vertex  1.249798e+01 -2.244965e-01  3.567197e+00
     vertex  1.249682e+01 -2.817500e-01  3.532369e+00
   endloop
 endfacet
 facet normal  9.997232e-01 -1.769117e-02 -1.550923e-02
   outer loop
     vertex  1.249977e+01 -7.654624e-02  3.481775e+00
     vertex  1.249908e+01 -1.514679e-01  3.523188e+00
     vertex  1.249537e+01 -3.402107e-01  3.499152e+00
   endloop
 endfacet
 facet normal  9.922387e-01 -1.243436e-01 -9.912088e-04
   outer loop
     vertex  1.243788e+01 -1.244598e+00  0.000000e+00
     vertex  1.238435e+01 -1.696417e+00  3.090566e+00
     vertex  1.236039e+01 -1.863028e+00  0.000000e+00
   endloop
 endfacet
 facet normal  9.921861e-01 -1.247627e-01 -1.053378e-03
   outer loop
     vertex  1.243788e+01 -1.244598e+00  0.000000e+00
     vertex  1.241830e+01 -1.426796e+00  3.135591e+00
     vertex  1.238435e+01 -1.696417e+00  3.090566e+00
   endloop
 endfacet
 facet normal  9.944202e-01 -1.054914e-01  8.035757e-05
   outer loop
     vertex  1.243788e+01 -1.244598e+00  0.000000e+00
     vertex  1.244130e+01 -1.209968e+00  3.181520e+00
     vertex  1.241830e+01 -1.426796e+00  3.135591e+00
   endloop
 endfacet
 facet normal  9.960264e-01 -8.905861e-02 -1.002352e-04
   outer loop
     vertex  1.243788e+01 -1.244598e+00  0.000000e+00
     vertex  1.245855e+01 -1.017069e+00  3.231092e+00
     vertex  1.244130e+01 -1.209968e+00  3.181520e+00
   endloop
 endfacet
 facet normal  9.972032e-01 -7.473005e-02 -1.116760e-03
   outer loop
     vertex  1.248446e+01 -6.230736e-01  0.000000e+00
     vertex  1.245855e+01 -1.017069e+00  3.231092e+00
     vertex  1.243788e+01 -1.244598e+00  0.000000e+00
   endloop
 endfacet
 facet normal  9.972426e-01 -7.420364e-02 -1.052255e-03
   outer loop
     vertex  1.248446e+01 -6.230736e-01  0.000000e+00
     vertex  1.247134e+01 -8.459528e-01  3.283211e+00
     vertex  1.245855e+01 -1.017069e+00  3.231092e+00
   endloop
 endfacet
 facet normal  9.981041e-01 -6.154882e-02 -1.897453e-04
   outer loop
     vertex  1.248446e+01 -6.230736e-01  0.000000e+00
     vertex  1.248070e+01 -6.944080e-01  3.336952e+00
     vertex  1.247134e+01 -8.459528e-01  3.283211e+00
   endloop
 endfacet
 facet normal  9.987378e-01 -5.022690e-02  5.299954e-05
   outer loop
     vertex  1.248446e+01 -6.230736e-01  0.000000e+00
     vertex  1.248742e+01 -5.607032e-01  3.391384e+00
     vertex  1.248070e+01 -6.944080e-01  3.336952e+00
   endloop
 endfacet
 facet normal  9.991959e-01 -4.009351e-02 -1.337614e-04
   outer loop
     vertex  1.248446e+01 -6.230736e-01  0.000000e+00
     vertex  1.249214e+01 -4.431727e-01  3.445685e+00
     vertex  1.248742e+01 -5.607032e-01  3.391384e+00
   endloop
 endfacet
 facet normal  9.998606e-01 -1.669104e-02 -2.996429e-04
   outer loop
     vertex  1.250000e+01 -3.061617e-15  0.000000e+00
     vertex  1.249977e+01 -7.654624e-02  3.481775e+00
     vertex  1.249537e+01 -3.402107e-01  3.499152e+00
   endloop
 endfacet
 facet normal  9.996888e-01 -2.493068e-02 -9.265187e-04
   outer loop
     vertex  1.250000e+01 -3.061617e-15  0.000000e+00
     vertex  1.249214e+01 -4.431727e-01  3.445685e+00
     vertex  1.248446e+01 -6.230736e-01  0.000000e+00
   endloop
 endfacet
 facet normal  9.995339e-01 -3.048388e-02 -1.641106e-03
   outer loop
     vertex  1.250000e+01 -3.061617e-15  0.000000e+00
     vertex  1.249537e+01 -3.402107e-01  3.499152e+00
     vertex  1.249214e+01 -4.431727e-01  3.445685e+00
   endloop
 endfacet
 facet normal  9.999953e-01 -3.061926e-03  0.000000e+00
   outer loop
     vertex  1.250000e+01 -3.061617e-15  0.000000e+00
     vertex  1.250000e+01 -3.061617e-15  3.442872e+00
     vertex  1.249977e+01 -7.654624e-02  3.481775e+00
   endloop
 endfacet
 facet normal  0.000000e+00  0.000000e+00 -1.000000e+00
   outer loop
     vertex -7.793623e+00 -9.772894e+00  0.000000e+00
     vertex -8.271073e+00 -9.372265e+00  0.000000e+00
     vertex -8.727960e+00 -8.948336e+00  0.000000e+00
   endloop
 endfacet
 facet normal  0.000000e+00  0.000000e+00 -1.000000e+00
   outer loop
     vertex -6.781828e+00 -1.050032e+01  0.000000e+00
     vertex -7.296796e+00 -1.014923e+01  0.000000e+00
     vertex -7.793623e+00 -9.772894e+00  0.000000e+00
   endloop
 endfacet
 facet normal  0.000000e+00  0.000000e+00 -1.000000e+00
   outer loop
     vertex -1.066614e+01 -6.517940e+00  0.000000e+00
     vertex -9.964156e+00 -7.547555e+00  0.000000e+00
     vertex -1.032798e+01 -7.041501e+00  0.000000e+00
   endloop
 endfacet
 facet normal  0.000000e+00  0.000000e+00 -1.000000e+00
   outer loop
     vertex -6.250000e+00 -1.082532e+01  0.000000e+00
     vertex -6.781828e+00 -1.050032e+01  0.000000e+00
     vertex -7.793623e+00 -9.772894e+00  0.000000e+00
   endloop
 endfacet
 facet normal  0.000000e+00  0.000000e+00 -1.000000e+00
   outer loop
     vertex -6.250000e+00 -1.082532e+01  0.000000e+00
     vertex -7.793623e+00 -9.772894e+00  0.000000e+00
     vertex -8.727960e+00 -8.948336e+00  0.000000e+00
   endloop
 endfacet
 facet normal  0.000000e+00  0.000000e+00 -1.000000e+00
   outer loop
     vertex -6.250000e+00 -1.082532e+01  0.000000e+00
     vertex -8.727960e+00 -8.948336e+00  0.000000e+00
     vertex -9.163148e+00 -8.502159e+00  0.000000e+00
   endloop
 endfacet
 facet normal  0.000000e+00  0.000000e+00 -1.000000e+00
   outer loop
     vertex -1.097777e+01 -5.978175e+00  0.000000e+00
     vertex -9.964156e+00 -7.547555e+00  0.000000e+00
     vertex -1.066614e+01 -6.517940e+00  0.000000e+00
   endloop
 endfacet
 facet normal  0.000000e+00  0.000000e+00 -1.000000e+00
   outer loop
     vertex -1.097777e+01 -5.978175e+00  0.000000e+00
     vertex -9.575556e+00 -8.034845e+00  0.000000e+00
     vertex -9.964156e+00 -7.547555e+00  0.000000e+00
   endloop
 endfacet
 facet normal  0.000000e+00  0.000000e+00 -1.000000e+00
   outer loop
     vertex -5.141089e+00 -1.139382e+01  0.000000e+00
     vertex -6.250000e+00 -1.082532e+01  0.000000e+00
     vertex -9.163148e+00 -8.502159e+00  0.000000e+00
   endloop
 endfacet
 facet normal  0.000000e+00  0.000000e+00 -1.000000e+00
   outer loop
     vertex -5.141089e+00 -1.139382e+01  0.000000e+00
     vertex -9.163148e+00 -8.502159e+00  0.000000e+00
     vertex -9.575556e+00 -8.034845e+00  0.000000e+00
   endloop
 endfacet
 facet normal  0.000000e+00  0.000000e+00 -1.000000e+00
   outer loop
     vertex -5.141089e+00 -1.139382e+01  0.000000e+00
     vertex -5.702633e+00 -1.112340e+01  0.000000e+00
     vertex -6.250000e+00 -1.082532e+01  0.000000e+00
   endloop
 endfacet
 facet normal  0.000000e+00  0.000000e+00 -1.000000e+00
   outer loop
     vertex -1.151845e+01 -4.855435e+00  0.000000e+00
     vertex -9.575556e+00 -8.034845e+00  0.000000e+00
     vertex -1.097777e+01 -5.978175e+00  0.000000e+00
   endloop
 endfacet
 facet normal  0.000000e+00  0.000000e+00 -1.000000e+00
   outer loop
     vertex -1.151845e+01 -4.855435e+00  0.000000e+00
     vertex -1.097777e+01 -5.978175e+00  0.000000e+00
     vertex -1.126211e+01 -5.423547e+00  0.000000e+00
   endloop
 endfacet
 facet normal  0.000000e+00  0.000000e+00 -1.000000e+00
   outer loop
     vertex -1.194466e+01 -3.684440e+00  0.000000e+00
     vertex -1.151845e+01 -4.855435e+00  0.000000e+00
     vertex -1.174616e+01 -4.275252e+00  0.000000e+00
   endloop
 endfacet
 facet normal  0.000000e+00  0.000000e+00 -1.000000e+00
   outer loop
     vertex -1.211347e+01 -3.084467e+00  0.000000e+00
     vertex -9.575556e+00 -8.034845e+00  0.000000e+00
     vertex -1.151845e+01 -4.855435e+00  0.000000e+00
   endloop
 endfacet
 facet normal  0.000000e+00  0.000000e+00 -1.000000e+00
   outer loop
     vertex -1.211347e+01 -3.084467e+00  0.000000e+00
     vertex -1.151845e+01 -4.855435e+00  0.000000e+00
     vertex -1.194466e+01 -3.684440e+00  0.000000e+00
   endloop
 endfacet
 facet normal  0.000000e+00  0.000000e+00 -1.000000e+00
   outer loop
     vertex -2.781512e+00 -1.218660e+01  0.000000e+00
     vertex -5.141089e+00 -1.139382e+01  0.000000e+00
     vertex -9.575556e+00 -8.034845e+00  0.000000e+00
   endloop
 endfacet
 facet normal  0.000000e+00  0.000000e+00 -1.000000e+00
   outer loop
     vertex -2.781512e+00 -1.218660e+01  0.000000e+00
     vertex -4.566763e+00 -1.163592e+01  0.000000e+00
     vertex -5.141089e+00 -1.139382e+01  0.000000e+00
   endloop
 endfacet
 facet normal  0.000000e+00  0.000000e+00 -1.000000e+00
   outer loop
     vertex -2.781512e+00 -1.218660e+01  0.000000e+00
     vertex -3.981083e+00 -1.184909e+01  0.000000e+00
     vertex -4.566763e+00 -1.163592e+01  0.000000e+00
   endloop
 endfacet
 facet normal  0.000000e+00  0.000000e+00 -1.000000e+00
   outer loop
     vertex -2.781512e+00 -1.218660e+01  0.000000e+00
     vertex -3.385506e+00 -1.203280e+01  0.000000e+00
     vertex -3.981083e+00 -1.184909e+01  0.000000e+00
   endloop
 endfacet
 facet normal  0.000000e+00  0.000000e+00 -1.000000e+00
   outer loop
     vertex -1.554296e+00 -1.240299e+01  0.000000e+00
     vertex -2.170602e+00 -1.231010e+01  0.000000e+00
     vertex -2.781512e+00 -1.218660e+01  0.000000e+00
   endloop
 endfacet
 facet normal  0.000000e+00  0.000000e+00 -1.000000e+00
   outer loop
     vertex -1.243788e+01 -1.244598e+00  0.000000e+00
     vertex -1.225216e+01 -2.476827e+00  0.000000e+00
     vertex -1.236039e+01 -1.863028e+00  0.000000e+00
   endloop
 endfacet
 facet normal  0.000000e+00  0.000000e+00 -1.000000e+00
   outer loop
     vertex -1.243788e+01 -1.244598e+00  0.000000e+00
     vertex -1.211347e+01 -3.084467e+00  0.000000e+00
     vertex -1.225216e+01 -2.476827e+00  0.000000e+00
   endloop
 endfacet
 facet normal  0.000000e+00  0.000000e+00 -1.000000e+00
   outer loop
     vertex -9.341262e-01 -1.246505e+01  0.000000e+00
     vertex -1.554296e+00 -1.240299e+01  0.000000e+00
     vertex -2.781512e+00 -1.218660e+01  0.000000e+00
   endloop
 endfacet
 facet normal  0.000000e+00  0.000000e+00 -1.000000e+00
   outer loop
     vertex -1.250000e+01 -4.287811e-14  0.000000e+00
     vertex -1.243788e+01 -1.244598e+00  0.000000e+00
     vertex -1.248446e+01 -6.230736e-01  0.000000e+00
   endloop
 endfacet
 facet normal  0.000000e+00  0.000000e+00 -1.000000e+00
   outer loop
     vertex -1.250000e+01 -4.287811e-14  0.000000e+00
     vertex -1.211347e+01 -3.084467e+00  0.000000e+00
     vertex -1.243788e+01 -1.244598e+00  0.000000e+00
   endloop
 endfacet
 facet normal  0.000000e+00  0.000000e+00 -1.000000e+00
   outer loop
     vertex -1.248446e+01  6.230736e-01  0.000000e+00
     vertex -9.575556e+00 -8.034845e+00  0.000000e+00
     vertex -1.211347e+01 -3.084467e+00  0.000000e+00
   endloop
 endfacet
 facet normal  0.000000e+00 -0.000000e+00 -1.000000e+00
   outer loop
     vertex -1.248446e+01  6.230736e-01  0.000000e+00
     vertex -1.211347e+01 -3.084467e+00  0.000000e+00
     vertex -1.250000e+01 -4.287811e-14  0.000000e+00
   endloop
 endfacet
 facet normal  0.000000e+00  0.000000e+00 -1.000000e+00
   outer loop
     vertex  1.554296e+00 -1.240299e+01  0.000000e+00
     vertex  3.116336e-01 -1.249611e+01  0.000000e+00
     vertex -3.116336e-01 -1.249611e+01  0.000000e+00
   endloop
 endfacet
 facet normal  0.000000e+00  0.000000e+00 -1.000000e+00
   outer loop
     vertex  1.554296e+00 -1.240299e+01  0.000000e+00
     vertex  9.341262e-01 -1.246505e+01  0.000000e+00
     vertex  3.116336e-01 -1.249611e+01  0.000000e+00
   endloop
 endfacet
 facet normal  0.000000e+00  0.000000e+00 -1.000000e+00
   outer loop
     vertex -1.236039e+01  1.863028e+00  0.000000e+00
     vertex -2.781512e+00 -1.218660e+01  0.000000e+00
     vertex -9.575556e+00 -8.034845e+00  0.000000e+00
   endloop
 endfacet
 facet normal  0.000000e+00  0.000000e+00 -1.000000e+00
   outer loop
     vertex -1.236039e+01  1.863028e+00  0.000000e+00
     vertex -1.248446e+01  6.230736e-01  0.000000e+00
     vertex -1.243788e+01  1.244598e+00  0.000000e+00
   endloop
 endfacet
 facet normal  0.000000e+00  0.000000e+00 -1.000000e+00
   outer loop
     vertex -1.236039e+01  1.863028e+00  0.000000e+00
     vertex -9.341262e-01 -1.246505e+01  0.000000e+00
     vertex -2.781512e+00 -1.218660e+01  0.000000e+00
   endloop
 endfacet
 facet normal  0.000000e+00  0.000000e+00 -1.000000e+00
   outer loop
     vertex -1.236039e+01  1.863028e+00  0.000000e+00
     vertex -3.116336e-01 -1.249611e+01  0.000000e+00
     vertex -9.341262e-01 -1.246505e+01  0.000000e+00
   endloop
 endfacet
 facet normal  0.000000e+00 -0.000000e+00 -1.000000e+00
   outer loop
     vertex -1.236039e+01  1.863028e+00  0.000000e+00
     vertex -9.575556e+00 -8.034845e+00  0.000000e+00
     vertex -1.248446e+01  6.230736e-01  0.000000e+00
   endloop
 endfacet
 facet normal  0.000000e+00  0.000000e+00 -1.000000e+00
   outer loop
     vertex  2.781512e+00 -1.218660e+01  0.000000e+00
     vertex  1.554296e+00 -1.240299e+01  0.000000e+00
     vertex -3.116336e-01 -1.249611e+01  0.000000e+00
   endloop
 endfacet
 facet normal  0.000000e+00  0.000000e+00 -1.000000e+00
   outer loop
     vertex  2.781512e+00 -1.218660e+01  0.000000e+00
     vertex  2.170602e+00 -1.231010e+01  0.000000e+00
     vertex  1.554296e+00 -1.240299e+01  0.000000e+00
   endloop
 endfacet
 facet normal  0.000000e+00  0.000000e+00 -1.000000e+00
   outer loop
     vertex  3.981083e+00 -1.184909e+01  0.000000e+00
     vertex  3.385506e+00 -1.203280e+01  0.000000e+00
     vertex  2.781512e+00 -1.218660e+01  0.000000e+00
   endloop
 endfacet
 facet normal  0.000000e+00  0.000000e+00 -1.000000e+00
   outer loop
     vertex -1.174616e+01  4.275252e+00  0.000000e+00
     vertex -1.211347e+01  3.084467e+00  0.000000e+00
     vertex -1.194466e+01  3.684440e+00  0.000000e+00
   endloop
 endfacet
 facet normal  0.000000e+00  0.000000e+00 -1.000000e+00
   outer loop
     vertex  5.141089e+00 -1.139382e+01  0.000000e+00
     vertex  4.566763e+00 -1.163592e+01  0.000000e+00
     vertex  3.981083e+00 -1.184909e+01  0.000000e+00
   endloop
 endfacet
 facet normal  0.000000e+00  0.000000e+00 -1.000000e+00
   outer loop
     vertex  5.141089e+00 -1.139382e+01  0.000000e+00
     vertex  2.781512e+00 -1.218660e+01  0.000000e+00
     vertex -3.116336e-01 -1.249611e+01  0.000000e+00
   endloop
 endfacet
 facet normal  0.000000e+00  0.000000e+00 -1.000000e+00
   outer loop
     vertex  5.141089e+00 -1.139382e+01  0.000000e+00
     vertex  3.981083e+00 -1.184909e+01  0.000000e+00
     vertex  2.781512e+00 -1.218660e+01  0.000000e+00
   endloop
 endfacet
 facet normal  0.000000e+00  0.000000e+00 -1.000000e+00
   outer loop
     vertex -1.126211e+01  5.423547e+00  0.000000e+00
     vertex -1.211347e+01  3.084467e+00  0.000000e+00
     vertex -1.174616e+01  4.275252e+00  0.000000e+00
   endloop
 endfacet
 facet normal  0.000000e+00  0.000000e+00 -1.000000e+00
   outer loop
     vertex -1.126211e+01  5.423547e+00  0.000000e+00
     vertex -1.174616e+01  4.275252e+00  0.000000e+00
     vertex -1.151845e+01  4.855435e+00  0.000000e+00
   endloop
 endfacet
 facet normal  0.000000e+00  0.000000e+00 -1.000000e+00
   outer loop
     vertex -1.126211e+01  5.423547e+00  0.000000e+00
     vertex -1.225216e+01  2.476827e+00  0.000000e+00
     vertex -1.211347e+01  3.084467e+00  0.000000e+00
   endloop
 endfacet
 facet normal  0.000000e+00  0.000000e+00 -1.000000e+00
   outer loop
     vertex -1.126211e+01  5.423547e+00  0.000000e+00
     vertex -1.236039e+01  1.863028e+00  0.000000e+00
     vertex -1.225216e+01  2.476827e+00  0.000000e+00
   endloop
 endfacet
 facet normal  0.000000e+00 -0.000000e+00 -1.000000e+00
   outer loop
     vertex -1.126211e+01  5.423547e+00  0.000000e+00
     vertex -3.116336e-01 -1.249611e+01  0.000000e+00
     vertex -1.236039e+01  1.863028e+00  0.000000e+00
   endloop
 endfacet
 facet normal  0.000000e+00  0.000000e+00 -1.000000e+00
   outer loop
     vertex -1.126211e+01  5.423547e+00  0.000000e+00
     vertex  5.141089e+00 -1.139382e+01  0.000000e+00
     vertex -3.116336e-01 -1.249611e+01  0.000000e+00
   endloop
 endfacet
 facet normal  0.000000e+00  0.000000e+00 -1.000000e+00
   outer loop
     vertex  6.250000e+00 -1.082532e+01  0.000000e+00
     vertex  5.702633e+00 -1.112340e+01  0.000000e+00
     vertex  5.141089e+00 -1.139382e+01  0.000000e+00
   endloop
 endfacet
 facet normal -0.000000e+00  0.000000e+00 -1.000000e+00
   outer loop
     vertex  6.250000e+00 -1.082532e+01  0.000000e+00
     vertex  5.141089e+00 -1.139382e+01  0.000000e+00
     vertex -1.126211e+01  5.423547e+00  0.000000e+00
   endloop
 endfacet
 facet normal  0.000000e+00  0.000000e+00 -1.000000e+00
   outer loop
     vertex  7.793623e+00 -9.772894e+00  0.000000e+00
     vertex  7.296796e+00 -1.014923e+01  0.000000e+00
     vertex  6.781828e+00 -1.050032e+01  0.000000e+00
   endloop
 endfacet
 facet normal  0.000000e+00  0.000000e+00 -1.000000e+00
   outer loop
     vertex -9.575556e+00  8.034845e+00  0.000000e+00
     vertex -1.032798e+01  7.041501e+00  0.000000e+00
     vertex -9.964156e+00  7.547555e+00  0.000000e+00
   endloop
 endfacet
 facet normal  0.000000e+00  0.000000e+00 -1.000000e+00
   outer loop
     vertex -9.575556e+00  8.034845e+00  0.000000e+00
     vertex -1.066614e+01  6.517940e+00  0.000000e+00
     vertex -1.032798e+01  7.041501e+00  0.000000e+00
   endloop
 endfacet
 facet normal  0.000000e+00  0.000000e+00 -1.000000e+00
   outer loop
     vertex  8.271073e+00 -9.372265e+00  0.000000e+00
     vertex  6.781828e+00 -1.050032e+01  0.000000e+00
     vertex  6.250000e+00 -1.082532e+01  0.000000e+00
   endloop
 endfacet
 facet normal  0.000000e+00  0.000000e+00 -1.000000e+00
   outer loop
     vertex  8.271073e+00 -9.372265e+00  0.000000e+00
     vertex  7.793623e+00 -9.772894e+00  0.000000e+00
     vertex  6.781828e+00 -1.050032e+01  0.000000e+00
   endloop
 endfacet
 facet normal  0.000000e+00  0.000000e+00 -1.000000e+00
   outer loop
     vertex -9.163148e+00  8.502159e+00  0.000000e+00
     vertex -1.066614e+01  6.517940e+00  0.000000e+00
     vertex -9.575556e+00  8.034845e+00  0.000000e+00
   endloop
 endfacet
 facet normal -0.000000e+00  0.000000e+00 -1.000000e+00
   outer loop
     vertex  8.727960e+00 -8.948336e+00  0.000000e+00
     vertex  6.250000e+00 -1.082532e+01  0.000000e+00
     vertex -1.126211e+01  5.423547e+00  0.000000e+00
   endloop
 endfacet
 facet normal  0.000000e+00  0.000000e+00 -1.000000e+00
   outer loop
     vertex  8.727960e+00 -8.948336e+00  0.000000e+00
     vertex  8.271073e+00 -9.372265e+00  0.000000e+00
     vertex  6.250000e+00 -1.082532e+01  0.000000e+00
   endloop
 endfacet
 facet normal  0.000000e+00  0.000000e+00 -1.000000e+00
   outer loop
     vertex -8.727960e+00  8.948336e+00  0.000000e+00
     vertex -1.066614e+01  6.517940e+00  0.000000e+00
     vertex -9.163148e+00  8.502159e+00  0.000000e+00
   endloop
 endfacet
 facet normal  0.000000e+00  0.000000e+00 -1.000000e+00
   outer loop
     vertex -8.271073e+00  9.372265e+00  0.000000e+00
     vertex -1.066614e+01  6.517940e+00  0.000000e+00
     vertex -8.727960e+00  8.948336e+00  0.000000e+00
   endloop
 endfacet
 facet normal  0.000000e+00  0.000000e+00 -1.000000e+00
   outer loop
     vertex  9.575556e+00 -8.034845e+00  0.000000e+00
     vertex  9.163148e+00 -8.502159e+00  0.000000e+00
     vertex  8.727960e+00 -8.948336e+00  0.000000e+00
   endloop
 endfacet
 facet normal -0.000000e+00  0.000000e+00 -1.000000e+00
   outer loop
     vertex  9.575556e+00 -8.034845e+00  0.000000e+00
     vertex  8.727960e+00 -8.948336e+00  0.000000e+00
     vertex -1.126211e+01  5.423547e+00  0.000000e+00
   endloop
 endfacet
 facet normal  0.000000e+00  0.000000e+00 -1.000000e+00
   outer loop
     vertex  9.575556e+00 -8.034845e+00  0.000000e+00
     vertex -1.097777e+01  5.978175e+00  0.000000e+00
     vertex -1.066614e+01  6.517940e+00  0.000000e+00
   endloop
 endfacet
 facet normal  0.000000e+00  0.000000e+00 -1.000000e+00
   outer loop
     vertex  9.575556e+00 -8.034845e+00  0.000000e+00
     vertex -1.126211e+01  5.423547e+00  0.000000e+00
     vertex -1.097777e+01  5.978175e+00  0.000000e+00
   endloop
 endfacet
 facet normal  0.000000e+00  0.000000e+00 -1.000000e+00
   outer loop
     vertex  1.097777e+01 -5.978175e+00  0.000000e+00
     vertex  9.964156e+00 -7.547555e+00  0.000000e+00
     vertex  9.575556e+00 -8.034845e+00  0.000000e+00
   endloop
 endfacet
 facet normal  0.000000e+00  0.000000e+00 -1.000000e+00
   outer loop
     vertex  1.097777e+01 -5.978175e+00  0.000000e+00
     vertex  1.032798e+01 -7.041501e+00  0.000000e+00
     vertex  9.964156e+00 -7.547555e+00  0.000000e+00
   endloop
 endfacet
 facet normal  0.000000e+00  0.000000e+00 -1.000000e+00
   outer loop
     vertex  1.097777e+01 -5.978175e+00  0.000000e+00
     vertex  1.066614e+01 -6.517940e+00  0.000000e+00
     vertex  1.032798e+01 -7.041501e+00  0.000000e+00
   endloop
 endfacet
 facet normal -0.000000e+00  0.000000e+00 -1.000000e+00
   outer loop
     vertex  1.097777e+01 -5.978175e+00  0.000000e+00
     vertex  9.575556e+00 -8.034845e+00  0.000000e+00
     vertex -1.066614e+01  6.517940e+00  0.000000e+00
   endloop
 endfacet
 facet normal  0.000000e+00  0.000000e+00 -1.000000e+00
   outer loop
     vertex  1.126211e+01 -5.423547e+00  0.000000e+00
     vertex -1.066614e+01  6.517940e+00  0.000000e+00
     vertex -8.271073e+00  9.372265e+00  0.000000e+00
   endloop
 endfacet
 facet normal -0.000000e+00  0.000000e+00 -1.000000e+00
   outer loop
     vertex  1.126211e+01 -5.423547e+00  0.000000e+00
     vertex  1.097777e+01 -5.978175e+00  0.000000e+00
     vertex -1.066614e+01  6.517940e+00  0.000000e+00
   endloop
 endfacet
 facet normal  0.000000e+00  0.000000e+00 -1.000000e+00
   outer loop
     vertex -5.141089e+00  1.139382e+01  0.000000e+00
     vertex -6.250000e+00  1.082532e+01  0.000000e+00
     vertex -5.702633e+00  1.112340e+01  0.000000e+00
   endloop
 endfacet
 facet normal  0.000000e+00  0.000000e+00 -1.000000e+00
   outer loop
     vertex -5.141089e+00  1.139382e+01  0.000000e+00
     vertex -6.781828e+00  1.050032e+01  0.000000e+00
     vertex -6.250000e+00  1.082532e+01  0.000000e+00
   endloop
 endfacet
 facet normal  0.000000e+00  0.000000e+00 -1.000000e+00
   outer loop
     vertex -5.141089e+00  1.139382e+01  0.000000e+00
     vertex -7.296796e+00  1.014923e+01  0.000000e+00
     vertex -6.781828e+00  1.050032e+01  0.000000e+00
   endloop
 endfacet
 facet normal  0.000000e+00  0.000000e+00 -1.000000e+00
   outer loop
     vertex -5.141089e+00  1.139382e+01  0.000000e+00
     vertex -7.793623e+00  9.772894e+00  0.000000e+00
     vertex -7.296796e+00  1.014923e+01  0.000000e+00
   endloop
 endfacet
 facet normal  0.000000e+00  0.000000e+00 -1.000000e+00
   outer loop
     vertex -5.141089e+00  1.139382e+01  0.000000e+00
     vertex -8.271073e+00  9.372265e+00  0.000000e+00
     vertex -7.793623e+00  9.772894e+00  0.000000e+00
   endloop
 endfacet
 facet normal  0.000000e+00  0.000000e+00 -1.000000e+00
   outer loop
     vertex -3.981083e+00  1.184909e+01  0.000000e+00
     vertex -5.141089e+00  1.139382e+01  0.000000e+00
     vertex -4.566763e+00  1.163592e+01  0.000000e+00
   endloop
 endfacet
 facet normal  0.000000e+00  0.000000e+00 -1.000000e+00
   outer loop
     vertex  1.194466e+01 -3.684440e+00  0.000000e+00
     vertex  1.151845e+01 -4.855435e+00  0.000000e+00
     vertex  1.126211e+01 -5.423547e+00  0.000000e+00
   endloop
 endfacet
 facet normal  0.000000e+00  0.000000e+00 -1.000000e+00
   outer loop
     vertex  1.194466e+01 -3.684440e+00  0.000000e+00
     vertex  1.174616e+01 -4.275252e+00  0.000000e+00
     vertex  1.151845e+01 -4.855435e+00  0.000000e+00
   endloop
 endfacet
 facet normal  0.000000e+00  0.000000e+00 -1.000000e+00
   outer loop
     vertex  1.236039e+01 -1.863028e+00  0.000000e+00
     vertex  1.225216e+01 -2.476827e+00  0.000000e+00
     vertex  1.211347e+01 -3.084467e+00  0.000000e+00
   endloop
 endfacet
 facet normal  0.000000e+00  0.000000e+00 -1.000000e+00
   outer loop
     vertex -9.341262e-01  1.246505e+01  0.000000e+00
     vertex -2.170602e+00  1.231010e+01  0.000000e+00
     vertex -1.554296e+00  1.240299e+01  0.000000e+00
   endloop
 endfacet
 facet normal  0.000000e+00  0.000000e+00 -1.000000e+00
   outer loop
     vertex -9.341262e-01  1.246505e+01  0.000000e+00
     vertex -2.781512e+00  1.218660e+01  0.000000e+00
     vertex -2.170602e+00  1.231010e+01  0.000000e+00
   endloop
 endfacet
 facet normal  0.000000e+00  0.000000e+00 -1.000000e+00
   outer loop
     vertex -9.341262e-01  1.246505e+01  0.000000e+00
     vertex -3.385506e+00  1.203280e+01  0.000000e+00
     vertex -2.781512e+00  1.218660e+01  0.000000e+00
   endloop
 endfacet
 facet normal  0.000000e+00  0.000000e+00 -1.000000e+00
   outer loop
     vertex -9.341262e-01  1.246505e+01  0.000000e+00
     vertex -3.981083e+00  1.184909e+01  0.000000e+00
     vertex -3.385506e+00  1.203280e+01  0.000000e+00
   endloop
 endfacet
 facet normal  0.000000e+00  0.000000e+00 -1.000000e+00
   outer loop
     vertex -3.116336e-01  1.249611e+01  0.000000e+00
     vertex -8.271073e+00  9.372265e+00  0.000000e+00
     vertex -5.141089e+00  1.139382e+01  0.000000e+00
   endloop
 endfacet
 facet normal  0.000000e+00  0.000000e+00 -1.000000e+00
   outer loop
     vertex -3.116336e-01  1.249611e+01  0.000000e+00
     vertex -5.141089e+00  1.139382e+01  0.000000e+00
     vertex -3.981083e+00  1.184909e+01  0.000000e+00
   endloop
 endfacet
 facet normal  0.000000e+00  0.000000e+00 -1.000000e+00
   outer loop
     vertex -3.116336e-01  1.249611e+01  0.000000e+00
     vertex -3.981083e+00  1.184909e+01  0.000000e+00
     vertex -9.341262e-01  1.246505e+01  0.000000e+00
   endloop
 endfacet
 facet normal  0.000000e+00  0.000000e+00 -1.000000e+00
   outer loop
     vertex  1.250000e+01 -3.061617e-15  0.000000e+00
     vertex  1.211347e+01 -3.084467e+00  0.000000e+00
     vertex  1.194466e+01 -3.684440e+00  0.000000e+00
   endloop
 endfacet
 facet normal  0.000000e+00  0.000000e+00 -1.000000e+00
   outer loop
     vertex  1.250000e+01 -3.061617e-15  0.000000e+00
     vertex  1.243788e+01 -1.244598e+00  0.000000e+00
     vertex  1.236039e+01 -1.863028e+00  0.000000e+00
   endloop
 endfacet
 facet normal  0.000000e+00  0.000000e+00 -1.000000e+00
   outer loop
     vertex  1.250000e+01 -3.061617e-15  0.000000e+00
     vertex  1.248446e+01 -6.230736e-01  0.000000e+00
     vertex  1.243788e+01 -1.244598e+00  0.000000e+00
   endloop
 endfacet
 facet normal  0.000000e+00  0.000000e+00 -1.000000e+00
   outer loop
     vertex  1.250000e+01 -3.061617e-15  0.000000e+00
     vertex  1.236039e+01 -1.863028e+00  0.000000e+00
     vertex  1.211347e+01 -3.084467e+00  0.000000e+00
   endloop
 endfacet
 facet normal  0.000000e+00 -0.000000e+00 -1.000000e+00
   outer loop
     vertex  3.116336e-01  1.249611e+01  0.000000e+00
     vertex  1.126211e+01 -5.423547e+00  0.000000e+00
     vertex -8.271073e+00  9.372265e+00  0.000000e+00
   endloop
 endfacet
 facet normal  0.000000e+00  0.000000e+00 -1.000000e+00
   outer loop
     vertex  3.116336e-01  1.249611e+01  0.000000e+00
     vertex  1.194466e+01 -3.684440e+00  0.000000e+00
     vertex  1.126211e+01 -5.423547e+00  0.000000e+00
   endloop
 endfacet
 facet normal -0.000000e+00  0.000000e+00 -1.000000e+00
   outer loop
     vertex  3.116336e-01  1.249611e+01  0.000000e+00
     vertex -8.271073e+00  9.372265e+00  0.000000e+00
     vertex -3.116336e-01  1.249611e+01  0.000000e+00
   endloop
 endfacet
 facet normal  0.000000e+00  0.000000e+00 -1.000000e+00
   outer loop
     vertex  1.225216e+01  2.476827e+00  0.000000e+00
     vertex  1.236039e+01  1.863028e+00  0.000000e+00
     vertex  1.243788e+01  1.244598e+00  0.000000e+00
   endloop
 endfacet
 facet normal  0.000000e+00  0.000000e+00 -1.000000e+00
   outer loop
     vertex  2.781512e+00  1.218660e+01  0.000000e+00
     vertex  1.554296e+00  1.240299e+01  0.000000e+00
     vertex  2.170602e+00  1.231010e+01  0.000000e+00
   endloop
 endfacet
 facet normal  0.000000e+00  0.000000e+00 -1.000000e+00
   outer loop
     vertex  2.781512e+00  1.218660e+01  0.000000e+00
     vertex  9.341262e-01  1.246505e+01  0.000000e+00
     vertex  1.554296e+00  1.240299e+01  0.000000e+00
   endloop
 endfacet
 facet normal  0.000000e+00  0.000000e+00 -1.000000e+00
   outer loop
     vertex  1.211347e+01  3.084467e+00  0.000000e+00
     vertex  1.243788e+01  1.244598e+00  0.000000e+00
     vertex  1.248446e+01  6.230736e-01  0.000000e+00
   endloop
 endfacet
 facet normal  0.000000e+00  0.000000e+00 -1.000000e+00
   outer loop
     vertex  1.211347e+01  3.084467e+00  0.000000e+00
     vertex  1.225216e+01  2.476827e+00  0.000000e+00
     vertex  1.243788e+01  1.244598e+00  0.000000e+00
   endloop
 endfacet
 facet normal  0.000000e+00  0.000000e+00 -1.000000e+00
   outer loop
     vertex  1.194466e+01  3.684440e+00  0.000000e+00
     vertex  1.248446e+01  6.230736e-01  0.000000e+00
     vertex  1.250000e+01 -3.061617e-15  0.000000e+00
   endloop
 endfacet
 facet normal  0.000000e+00  0.000000e+00 -1.000000e+00
   outer loop
     vertex  1.194466e+01  3.684440e+00  0.000000e+00
     vertex  1.211347e+01  3.084467e+00  0.000000e+00
     vertex  1.248446e+01  6.230736e-01  0.000000e+00
   endloop
 endfacet
 facet normal  0.000000e+00  0.000000e+00 -1.000000e+00
   outer loop
     vertex  1.174616e+01  4.275252e+00  0.000000e+00
     vertex  1.194466e+01  3.684440e+00  0.000000e+00
     vertex  1.250000e+01 -3.061617e-15  0.000000e+00
   endloop
 endfacet
 facet normal  0.000000e+00  0.000000e+00 -1.000000e+00
   outer loop
     vertex  4.566763e+00  1.163592e+01  0.000000e+00
     vertex  3.385506e+00  1.203280e+01  0.000000e+00
     vertex  3.981083e+00  1.184909e+01  0.000000e+00
   endloop
 endfacet
 facet normal  0.000000e+00  0.000000e+00 -1.000000e+00
   outer loop
     vertex  4.566763e+00  1.163592e+01  0.000000e+00
     vertex  2.781512e+00  1.218660e+01  0.000000e+00
     vertex  3.385506e+00  1.203280e+01  0.000000e+00
   endloop
 endfacet
 facet normal  0.000000e+00  0.000000e+00 -1.000000e+00
   outer loop
     vertex  4.566763e+00  1.163592e+01  0.000000e+00
     vertex  9.341262e-01  1.246505e+01  0.000000e+00
     vertex  2.781512e+00  1.218660e+01  0.000000e+00
   endloop
 endfacet
 facet normal  0.000000e+00  0.000000e+00 -1.000000e+00
   outer loop
     vertex  5.141089e+00  1.139382e+01  0.000000e+00
     vertex  3.116336e-01  1.249611e+01  0.000000e+00
     vertex  9.341262e-01  1.246505e+01  0.000000e+00
   endloop
 endfacet
 facet normal  0.000000e+00  0.000000e+00 -1.000000e+00
   outer loop
     vertex  5.141089e+00  1.139382e+01  0.000000e+00
     vertex  9.341262e-01  1.246505e+01  0.000000e+00
     vertex  4.566763e+00  1.163592e+01  0.000000e+00
   endloop
 endfacet
 facet normal  0.000000e+00  0.000000e+00 -1.000000e+00
   outer loop
     vertex  1.126211e+01  5.423547e+00  0.000000e+00
     vertex  1.151845e+01  4.855435e+00  0.000000e+00
     vertex  1.174616e+01  4.275252e+00  0.000000e+00
   endloop
 endfacet
 facet normal  0.000000e+00  0.000000e+00 -1.000000e+00
   outer loop
     vertex  1.126211e+01  5.423547e+00  0.000000e+00
     vertex  1.174616e+01  4.275252e+00  0.000000e+00
     vertex  1.250000e+01 -3.061617e-15  0.000000e+00
   endloop
 endfacet
 facet normal  0.000000e+00  0.000000e+00 -1.000000e+00
   outer loop
     vertex  1.097777e+01  5.978175e+00  0.000000e+00
     vertex  1.126211e+01  5.423547e+00  0.000000e+00
     vertex  1.250000e+01 -3.061617e-15  0.000000e+00
   endloop
 endfacet
 facet normal  0.000000e+00  0.000000e+00 -1.000000e+00
   outer loop
     vertex  6.250000e+00  1.082532e+01  0.000000e+00
     vertex  5.141089e+00  1.139382e+01  0.000000e+00
     vertex  5.702633e+00  1.112340e+01  0.000000e+00
   endloop
 endfacet
 facet normal  0.000000e+00  0.000000e+00 -1.000000e+00
   outer loop
     vertex  6.781828e+00  1.050032e+01  0.000000e+00
     vertex  5.141089e+00  1.139382e+01  0.000000e+00
     vertex  6.250000e+00  1.082532e+01  0.000000e+00
   endloop
 endfacet
 facet normal  0.000000e+00  0.000000e+00 -1.000000e+00
   outer loop
     vertex  1.032798e+01  7.041501e+00  0.000000e+00
     vertex  1.066614e+01  6.517940e+00  0.000000e+00
     vertex  1.097777e+01  5.978175e+00  0.000000e+00
   endloop
 endfacet
 facet normal -0.000000e+00 -0.000000e+00 -1.000000e+00
   outer loop
     vertex  7.296796e+00  1.014923e+01  0.000000e+00
     vertex  1.194466e+01 -3.684440e+00  0.000000e+00
     vertex  3.116336e-01  1.249611e+01  0.000000e+00
   endloop
 endfacet
 facet normal  0.000000e+00  0.000000e+00 -1.000000e+00
   outer loop
     vertex  7.296796e+00  1.014923e+01  0.000000e+00
     vertex  3.116336e-01  1.249611e+01  0.000000e+00
     vertex  5.141089e+00  1.139382e+01  0.000000e+00
   endloop
 endfacet
 facet normal  0.000000e+00  0.000000e+00 -1.000000e+00
   outer loop
     vertex  7.296796e+00  1.014923e+01  0.000000e+00
     vertex  5.141089e+00  1.139382e+01  0.000000e+00
     vertex  6.781828e+00  1.050032e+01  0.000000e+00
   endloop
 endfacet
 facet normal  0.000000e+00  0.000000e+00 -1.000000e+00
   outer loop
     vertex  9.964156e+00  7.547555e+00  0.000000e+00
     vertex  1.250000e+01 -3.061617e-15  0.000000e+00
     vertex  1.194466e+01 -3.684440e+00  0.000000e+00
   endloop
 endfacet
 facet normal  0.000000e+00  0.000000e+00 -1.000000e+00
   outer loop
     vertex  9.964156e+00  7.547555e+00  0.000000e+00
     vertex  1.097777e+01  5.978175e+00  0.000000e+00
     vertex  1.250000e+01 -3.061617e-15  0.000000e+00
   endloop
 endfacet
 facet normal  0.000000e+00  0.000000e+00 -1.000000e+00
   outer loop
     vertex  9.964156e+00  7.547555e+00  0.000000e+00
     vertex  1.032798e+01  7.041501e+00  0.000000e+00
     vertex  1.097777e+01  5.978175e+00  0.000000e+00
   endloop
 endfacet
 facet normal  0.000000e+00  0.000000e+00 -1.000000e+00
   outer loop
     vertex  8.271073e+00  9.372265e+00  0.000000e+00
     vertex  7.296796e+00  1.014923e+01  0.000000e+00
     vertex  7.793623e+00  9.772894e+00  0.000000e+00
   endloop
 endfacet
 facet normal  0.000000e+00  0.000000e+00 -1.000000e+00
   outer loop
     vertex  9.163148e+00  8.502159e+00  0.000000e+00
     vertex  9.575556e+00  8.034845e+00  0.000000e+00
     vertex  9.964156e+00  7.547555e+00  0.000000e+00
   endloop
 endfacet
 facet normal -0.000000e+00 -0.000000e+00 -1.000000e+00
   outer loop
     vertex  8.727960e+00  8.948336e+00  0.000000e+00
     vertex  1.194466e+01 -3.684440e+00  0.000000e+00
     vertex  7.296796e+00  1.014923e+01  0.000000e+00
   endloop
 endfacet
 facet normal  0.000000e+00  0.000000e+00 -1.000000e+00
   outer loop
     vertex  8.727960e+00  8.948336e+00  0.000000e+00
     vertex  9.964156e+00  7.547555e+00  0.000000e+00
     vertex  1.194466e+01 -3.684440e+00  0.000000e+00
   endloop
 endfacet
 facet normal  0.000000e+00  0.000000e+00 -1.000000e+00
   outer loop
     vertex  8.727960e+00  8.948336e+00  0.000000e+00
     vertex  9.163148e+00  8.502159e+00  0.000000e+00
     vertex  9.964156e+00  7.547555e+00  0.000000e+00
   endloop
 endfacet
 facet normal  0.000000e+00  0.000000e+00 -1.000000e+00
   outer loop
     vertex  8.727960e+00  8.948336e+00  0.000000e+00
     vertex  7.296796e+00  1.014923e+01  0.000000e+00
     vertex  8.271073e+00  9.372265e+00  0.000000e+00
   endloop
 endfacet
endsolid
